,Link
0,"[""['http://www.espn.com/nba/game?gameId=401070697', 'http://www.espn.com/nba/game?gameId=401070704', 'http://www.espn.com/nba/game?gameId=401070711']"", 'http://www.espn.com/nba/game?gameId=401070723', 'http://www.espn.com/nba/game?gameId=401070735', 'http://www.espn.com/nba/game?gameId=401070749', 'http://www.espn.com/nba/game?gameId=401070771']"
1,http://www.espn.com/nba/game?gameId=401071903
2,http://www.espn.com/nba/game?gameId=401070214
3,http://www.espn.com/nba/game?gameId=401070709
4,http://www.espn.com/nba/game?gameId=401070719
5,http://www.espn.com/nba/game?gameId=401070746
6,http://www.espn.com/nba/game?gameId=401070766
7,http://www.espn.com/nba/game?gameId=401070784
8,http://www.espn.com/nba/game?gameId=401070792
9,http://www.espn.com/nba/game?gameId=401070800
10,http://www.espn.com/nba/game?gameId=401070825
11,http://www.espn.com/nba/game?gameId=401070834
12,http://www.espn.com/nba/game?gameId=401070844
13,http://www.espn.com/nba/game?gameId=401070863
14,http://www.espn.com/nba/game?gameId=401070877
15,http://www.espn.com/nba/game?gameId=401070890
16,http://www.espn.com/nba/game?gameId=401070914
17,http://www.espn.com/nba/game?gameId=401070928
18,http://www.espn.com/nba/game?gameId=401070945
19,http://www.espn.com/nba/game?gameId=401070955
20,http://www.espn.com/nba/game?gameId=401070963
21,http://www.espn.com/nba/game?gameId=401070994
22,http://www.espn.com/nba/game?gameId=401071006
23,http://www.espn.com/nba/game?gameId=401071024
24,http://www.espn.com/nba/game?gameId=401071039
25,http://www.espn.com/nba/game?gameId=401071054
26,http://www.espn.com/nba/game?gameId=401071077
27,http://www.espn.com/nba/game?gameId=401071092
28,http://www.espn.com/nba/game?gameId=401071107
29,http://www.espn.com/nba/game?gameId=401071115
30,http://www.espn.com/nba/game?gameId=401071128
31,http://www.espn.com/nba/game?gameId=401071147
32,http://www.espn.com/nba/game?gameId=401071166
33,http://www.espn.com/nba/game?gameId=401071174
34,http://www.espn.com/nba/game?gameId=401070234
35,http://www.espn.com/nba/game?gameId=401071201
36,http://www.espn.com/nba/game?gameId=401071215
37,http://www.espn.com/nba/game?gameId=401071223
38,http://www.espn.com/nba/game?gameId=401071238
39,http://www.espn.com/nba/game?gameId=401071251
40,http://www.espn.com/nba/game?gameId=401071264
41,http://www.espn.com/nba/game?gameId=401071279
42,http://www.espn.com/nba/game?gameId=401071295
43,http://www.espn.com/nba/game?gameId=401071310
44,http://www.espn.com/nba/game?gameId=401071329
45,http://www.espn.com/nba/game?gameId=401071346
46,http://www.espn.com/nba/game?gameId=401071354
47,http://www.espn.com/nba/game?gameId=401071367
48,http://www.espn.com/nba/game?gameId=401071376
49,http://www.espn.com/nba/game?gameId=401071390
50,http://www.espn.com/nba/game?gameId=401071410
51,http://www.espn.com/nba/game?gameId=401071424
52,http://www.espn.com/nba/game?gameId=401071445
53,http://www.espn.com/nba/game?gameId=401071461
54,http://www.espn.com/nba/game?gameId=401071475
55,http://www.espn.com/nba/game?gameId=401071488
56,http://www.espn.com/nba/game?gameId=401071505
57,http://www.espn.com/nba/game?gameId=401071519
58,http://www.espn.com/nba/game?gameId=401071539
59,http://www.espn.com/nba/game?gameId=401071554
60,http://www.espn.com/nba/game?gameId=401071563
61,http://www.espn.com/nba/game?gameId=401071583
62,http://www.espn.com/nba/game?gameId=401071600
63,http://www.espn.com/nba/game?gameId=401071613
64,http://www.espn.com/nba/game?gameId=401071624
65,http://www.espn.com/nba/game?gameId=401071636
66,http://www.espn.com/nba/game?gameId=401071649
67,http://www.espn.com/nba/game?gameId=401071658
68,http://www.espn.com/nba/game?gameId=401071678
69,http://www.espn.com/nba/game?gameId=401071690
70,http://www.espn.com/nba/game?gameId=401071693
71,http://www.espn.com/nba/game?gameId=401071711
72,http://www.espn.com/nba/game?gameId=401071727
73,http://www.espn.com/nba/game?gameId=401071745
74,http://www.espn.com/nba/game?gameId=401071756
75,http://www.espn.com/nba/game?gameId=401071777
76,http://www.espn.com/nba/game?gameId=401071792
77,http://www.espn.com/nba/game?gameId=401071806
78,http://www.espn.com/nba/game?gameId=401071819
79,http://www.espn.com/nba/game?gameId=401071834
80,http://www.espn.com/nba/game?gameId=401071859
81,http://www.espn.com/nba/game?gameId=401071870
82,http://www.espn.com/nba/game?gameId=401071891
83,http://www.espn.com/nba/game?gameId=401071899
84,http://www.espn.com/nba/game?gameId=401070697
85,http://www.espn.com/nba/game?gameId=401070705
86,http://www.espn.com/nba/game?gameId=401070718
87,http://www.espn.com/nba/game?gameId=401070733
88,http://www.espn.com/nba/game?gameId=401070757
89,http://www.espn.com/nba/game?gameId=401070769
90,http://www.espn.com/nba/game?gameId=401070778
91,http://www.espn.com/nba/game?gameId=401070795
92,http://www.espn.com/nba/game?gameId=401070809
93,http://www.espn.com/nba/game?gameId=401070830
94,http://www.espn.com/nba/game?gameId=401070836
95,http://www.espn.com/nba/game?gameId=401070850
96,http://www.espn.com/nba/game?gameId=401070870
97,http://www.espn.com/nba/game?gameId=401070882
98,http://www.espn.com/nba/game?gameId=401070895
99,http://www.espn.com/nba/game?gameId=401070907
100,http://www.espn.com/nba/game?gameId=401070924
101,http://www.espn.com/nba/game?gameId=401070935
102,http://www.espn.com/nba/game?gameId=401070949
103,http://www.espn.com/nba/game?gameId=401070969
104,http://www.espn.com/nba/game?gameId=401070983
105,http://www.espn.com/nba/game?gameId=401070987
106,http://www.espn.com/nba/game?gameId=401071025
107,http://www.espn.com/nba/game?gameId=401071038
108,http://www.espn.com/nba/game?gameId=401071061
109,http://www.espn.com/nba/game?gameId=401071093
110,http://www.espn.com/nba/game?gameId=401071101
111,http://www.espn.com/nba/game?gameId=401071117
112,http://www.espn.com/nba/game?gameId=401071133
113,http://www.espn.com/nba/game?gameId=401071153
114,http://www.espn.com/nba/game?gameId=401071167
115,http://www.espn.com/nba/game?gameId=401071180
116,http://www.espn.com/nba/game?gameId=401071198
117,http://www.espn.com/nba/game?gameId=401071206
118,http://www.espn.com/nba/game?gameId=401071218
119,http://www.espn.com/nba/game?gameId=401071232
120,http://www.espn.com/nba/game?gameId=401071248
121,http://www.espn.com/nba/game?gameId=401071263
122,http://www.espn.com/nba/game?gameId=401071278
123,http://www.espn.com/nba/game?gameId=401071285
124,http://www.espn.com/nba/game?gameId=401071297
125,http://www.espn.com/nba/game?gameId=401071316
126,http://www.espn.com/nba/game?gameId=401071359
127,http://www.espn.com/nba/game?gameId=401071371
128,http://www.espn.com/nba/game?gameId=401071385
129,http://www.espn.com/nba/game?gameId=401071407
130,http://www.espn.com/nba/game?gameId=401071421
131,http://www.espn.com/nba/game?gameId=401071435
132,http://www.espn.com/nba/game?gameId=401071446
133,http://www.espn.com/nba/game?gameId=401071457
134,http://www.espn.com/nba/game?gameId=401071464
135,http://www.espn.com/nba/game?gameId=401071486
136,http://www.espn.com/nba/game?gameId=401071500
137,http://www.espn.com/nba/game?gameId=401071510
138,http://www.espn.com/nba/game?gameId=401071521
139,http://www.espn.com/nba/game?gameId=401071538
140,http://www.espn.com/nba/game?gameId=401071550
141,http://www.espn.com/nba/game?gameId=401071556
142,http://www.espn.com/nba/game?gameId=401071576
143,http://www.espn.com/nba/game?gameId=401071585
144,http://www.espn.com/nba/game?gameId=401071601
145,http://www.espn.com/nba/game?gameId=401071619
146,http://www.espn.com/nba/game?gameId=401071626
147,http://www.espn.com/nba/game?gameId=401071641
148,http://www.espn.com/nba/game?gameId=401071660
149,http://www.espn.com/nba/game?gameId=401071668
150,http://www.espn.com/nba/game?gameId=401071689
151,http://www.espn.com/nba/game?gameId=401071707
152,http://www.espn.com/nba/game?gameId=401071719
153,http://www.espn.com/nba/game?gameId=401071733
154,http://www.espn.com/nba/game?gameId=401071749
155,http://www.espn.com/nba/game?gameId=401071762
156,http://www.espn.com/nba/game?gameId=401071786
157,http://www.espn.com/nba/game?gameId=401071804
158,http://www.espn.com/nba/game?gameId=401071818
159,http://www.espn.com/nba/game?gameId=401071835
160,http://www.espn.com/nba/game?gameId=401071841
161,http://www.espn.com/nba/game?gameId=401071854
162,http://www.espn.com/nba/game?gameId=401071875
163,http://www.espn.com/nba/game?gameId=401071893
164,http://www.espn.com/nba/game?gameId=401070218
165,http://www.espn.com/nba/game?gameId=401070717
166,http://www.espn.com/nba/game?gameId=401070727
167,http://www.espn.com/nba/game?gameId=401070745
168,http://www.espn.com/nba/game?gameId=401070760
169,http://www.espn.com/nba/game?gameId=401070768
170,http://www.espn.com/nba/game?gameId=401070782
171,http://www.espn.com/nba/game?gameId=401070797
172,http://www.espn.com/nba/game?gameId=401070813
173,http://www.espn.com/nba/game?gameId=401070819
174,http://www.espn.com/nba/game?gameId=401070833
175,http://www.espn.com/nba/game?gameId=401070846
176,http://www.espn.com/nba/game?gameId=401070869
177,http://www.espn.com/nba/game?gameId=401070893
178,http://www.espn.com/nba/game?gameId=401070902
179,http://www.espn.com/nba/game?gameId=401070918
180,http://www.espn.com/nba/game?gameId=401070932
181,http://www.espn.com/nba/game?gameId=401070940
182,http://www.espn.com/nba/game?gameId=401070958
183,http://www.espn.com/nba/game?gameId=401070974
184,http://www.espn.com/nba/game?gameId=401070995
185,http://www.espn.com/nba/game?gameId=401071010
186,http://www.espn.com/nba/game?gameId=401071023
187,http://www.espn.com/nba/game?gameId=401071033
188,http://www.espn.com/nba/game?gameId=401071047
189,http://www.espn.com/nba/game?gameId=401071066
190,http://www.espn.com/nba/game?gameId=401071083
191,http://www.espn.com/nba/game?gameId=401071091
192,http://www.espn.com/nba/game?gameId=401071108
193,http://www.espn.com/nba/game?gameId=401071131
194,http://www.espn.com/nba/game?gameId=401071146
195,http://www.espn.com/nba/game?gameId=401071157
196,http://www.espn.com/nba/game?gameId=401071176
197,http://www.espn.com/nba/game?gameId=401070237
198,http://www.espn.com/nba/game?gameId=401071192
199,http://www.espn.com/nba/game?gameId=401071210
200,http://www.espn.com/nba/game?gameId=401071216
201,http://www.espn.com/nba/game?gameId=401071228
202,http://www.espn.com/nba/game?gameId=401071258
203,http://www.espn.com/nba/game?gameId=401071273
204,http://www.espn.com/nba/game?gameId=401071291
205,http://www.espn.com/nba/game?gameId=401071304
206,http://www.espn.com/nba/game?gameId=401071319
207,http://www.espn.com/nba/game?gameId=401071325
208,http://www.espn.com/nba/game?gameId=401071338
209,http://www.espn.com/nba/game?gameId=401071353
210,http://www.espn.com/nba/game?gameId=401071374
211,http://www.espn.com/nba/game?gameId=401071391
212,http://www.espn.com/nba/game?gameId=401071436
213,http://www.espn.com/nba/game?gameId=401071476
214,http://www.espn.com/nba/game?gameId=401071489
215,http://www.espn.com/nba/game?gameId=401071507
216,http://www.espn.com/nba/game?gameId=401071535
217,http://www.espn.com/nba/game?gameId=401071542
218,http://www.espn.com/nba/game?gameId=401071555
219,http://www.espn.com/nba/game?gameId=401071571
220,http://www.espn.com/nba/game?gameId=401071586
221,http://www.espn.com/nba/game?gameId=401071603
222,http://www.espn.com/nba/game?gameId=401071617
223,http://www.espn.com/nba/game?gameId=401071635
224,http://www.espn.com/nba/game?gameId=401071664
225,http://www.espn.com/nba/game?gameId=401071686
226,http://www.espn.com/nba/game?gameId=401071704
227,http://www.espn.com/nba/game?gameId=401071712
228,http://www.espn.com/nba/game?gameId=401071731
229,http://www.espn.com/nba/game?gameId=401071746
230,http://www.espn.com/nba/game?gameId=401071766
231,http://www.espn.com/nba/game?gameId=401071779
232,http://www.espn.com/nba/game?gameId=401071790
233,http://www.espn.com/nba/game?gameId=401071812
234,http://www.espn.com/nba/game?gameId=401071830
235,http://www.espn.com/nba/game?gameId=401071848
236,http://www.espn.com/nba/game?gameId=401071863
237,http://www.espn.com/nba/game?gameId=401071879
238,http://www.espn.com/nba/game?gameId=401071892
239,http://www.espn.com/nba/game?gameId=401070693
240,http://www.espn.com/nba/game?gameId=401070708
241,http://www.espn.com/nba/game?gameId=401070740
242,http://www.espn.com/nba/game?gameId=401070752
243,http://www.espn.com/nba/game?gameId=401070762
244,http://www.espn.com/nba/game?gameId=401070773
245,http://www.espn.com/nba/game?gameId=401070796
246,http://www.espn.com/nba/game?gameId=401070814
247,http://www.espn.com/nba/game?gameId=401070847
248,http://www.espn.com/nba/game?gameId=401070856
249,http://www.espn.com/nba/game?gameId=401070868
250,http://www.espn.com/nba/game?gameId=401070888
251,http://www.espn.com/nba/game?gameId=401070904
252,http://www.espn.com/nba/game?gameId=401070926
253,http://www.espn.com/nba/game?gameId=401070956
254,http://www.espn.com/nba/game?gameId=401070965
255,http://www.espn.com/nba/game?gameId=401070975
256,http://www.espn.com/nba/game?gameId=401070991
257,http://www.espn.com/nba/game?gameId=401071011
258,http://www.espn.com/nba/game?gameId=401071042
259,http://www.espn.com/nba/game?gameId=401071058
260,http://www.espn.com/nba/game?gameId=401071069
261,http://www.espn.com/nba/game?gameId=401071076
262,http://www.espn.com/nba/game?gameId=401071088
263,http://www.espn.com/nba/game?gameId=401071104
264,http://www.espn.com/nba/game?gameId=401071124
265,http://www.espn.com/nba/game?gameId=401071143
266,http://www.espn.com/nba/game?gameId=401071154
267,http://www.espn.com/nba/game?gameId=401071163
268,http://www.espn.com/nba/game?gameId=401070233
269,http://www.espn.com/nba/game?gameId=401071189
270,http://www.espn.com/nba/game?gameId=401071203
271,http://www.espn.com/nba/game?gameId=401071226
272,http://www.espn.com/nba/game?gameId=401071256
273,http://www.espn.com/nba/game?gameId=401071270
274,http://www.espn.com/nba/game?gameId=401071286
275,http://www.espn.com/nba/game?gameId=401071298
276,http://www.espn.com/nba/game?gameId=401071330
277,http://www.espn.com/nba/game?gameId=401071336
278,http://www.espn.com/nba/game?gameId=401071358
279,http://www.espn.com/nba/game?gameId=401071370
280,http://www.espn.com/nba/game?gameId=401071400
281,http://www.espn.com/nba/game?gameId=401071423
282,http://www.espn.com/nba/game?gameId=401071439
283,http://www.espn.com/nba/game?gameId=401071451
284,http://www.espn.com/nba/game?gameId=401071465
285,http://www.espn.com/nba/game?gameId=401071479
286,http://www.espn.com/nba/game?gameId=401071494
287,http://www.espn.com/nba/game?gameId=401071506
288,http://www.espn.com/nba/game?gameId=401071516
289,http://www.espn.com/nba/game?gameId=401071527
290,http://www.espn.com/nba/game?gameId=401071543
291,http://www.espn.com/nba/game?gameId=401071564
292,http://www.espn.com/nba/game?gameId=401071575
293,http://www.espn.com/nba/game?gameId=401071593
294,http://www.espn.com/nba/game?gameId=401071607
295,http://www.espn.com/nba/game?gameId=401071616
296,http://www.espn.com/nba/game?gameId=401071628
297,http://www.espn.com/nba/game?gameId=401071648
298,http://www.espn.com/nba/game?gameId=401071663
299,http://www.espn.com/nba/game?gameId=401071672
300,http://www.espn.com/nba/game?gameId=401071683
301,http://www.espn.com/nba/game?gameId=401071702
302,http://www.espn.com/nba/game?gameId=401071717
303,http://www.espn.com/nba/game?gameId=401071734
304,http://www.espn.com/nba/game?gameId=401071738
305,http://www.espn.com/nba/game?gameId=401071758
306,http://www.espn.com/nba/game?gameId=401071769
307,http://www.espn.com/nba/game?gameId=401071784
308,http://www.espn.com/nba/game?gameId=401071800
309,http://www.espn.com/nba/game?gameId=401071827
310,http://www.espn.com/nba/game?gameId=401071850
311,http://www.espn.com/nba/game?gameId=401071866
312,http://www.espn.com/nba/game?gameId=401070701
313,http://www.espn.com/nba/game?gameId=401070716
314,http://www.espn.com/nba/game?gameId=401070720
315,http://www.espn.com/nba/game?gameId=401070732
316,http://www.espn.com/nba/game?gameId=401070747
317,http://www.espn.com/nba/game?gameId=401070776
318,http://www.espn.com/nba/game?gameId=401070787
319,http://www.espn.com/nba/game?gameId=401070793
320,http://www.espn.com/nba/game?gameId=401070812
321,http://www.espn.com/nba/game?gameId=401070826
322,http://www.espn.com/nba/game?gameId=401070839
323,http://www.espn.com/nba/game?gameId=401070852
324,http://www.espn.com/nba/game?gameId=401070881
325,http://www.espn.com/nba/game?gameId=401070909
326,http://www.espn.com/nba/game?gameId=401070941
327,http://www.espn.com/nba/game?gameId=401070957
328,http://www.espn.com/nba/game?gameId=401070985
329,http://www.espn.com/nba/game?gameId=401071028
330,http://www.espn.com/nba/game?gameId=401071037
331,http://www.espn.com/nba/game?gameId=401071049
332,http://www.espn.com/nba/game?gameId=401071079
333,http://www.espn.com/nba/game?gameId=401071123
334,http://www.espn.com/nba/game?gameId=401071135
335,http://www.espn.com/nba/game?gameId=401071160
336,http://www.espn.com/nba/game?gameId=401071186
337,http://www.espn.com/nba/game?gameId=401071200
338,http://www.espn.com/nba/game?gameId=401071209
339,http://www.espn.com/nba/game?gameId=401071227
340,http://www.espn.com/nba/game?gameId=401071240
341,http://www.espn.com/nba/game?gameId=401071252
342,http://www.espn.com/nba/game?gameId=401071269
343,http://www.espn.com/nba/game?gameId=401071277
344,http://www.espn.com/nba/game?gameId=401071294
345,http://www.espn.com/nba/game?gameId=401071311
346,http://www.espn.com/nba/game?gameId=401071331
347,http://www.espn.com/nba/game?gameId=401071345
348,http://www.espn.com/nba/game?gameId=401071363
349,http://www.espn.com/nba/game?gameId=401071388
350,http://www.espn.com/nba/game?gameId=401071401
351,http://www.espn.com/nba/game?gameId=401071406
352,http://www.espn.com/nba/game?gameId=401071420
353,http://www.espn.com/nba/game?gameId=401071434
354,http://www.espn.com/nba/game?gameId=401071447
355,http://www.espn.com/nba/game?gameId=401071456
356,http://www.espn.com/nba/game?gameId=401071463
357,http://www.espn.com/nba/game?gameId=401071477
358,http://www.espn.com/nba/game?gameId=401071491
359,http://www.espn.com/nba/game?gameId=401071520
360,http://www.espn.com/nba/game?gameId=401071533
361,http://www.espn.com/nba/game?gameId=401071553
362,http://www.espn.com/nba/game?gameId=401071568
363,http://www.espn.com/nba/game?gameId=401071599
364,http://www.espn.com/nba/game?gameId=401071614
365,http://www.espn.com/nba/game?gameId=401071627
366,http://www.espn.com/nba/game?gameId=401071647
367,http://www.espn.com/nba/game?gameId=401071657
368,http://www.espn.com/nba/game?gameId=401071685
369,http://www.espn.com/nba/game?gameId=401071698
370,http://www.espn.com/nba/game?gameId=401071713
371,http://www.espn.com/nba/game?gameId=401071725
372,http://www.espn.com/nba/game?gameId=401071748
373,http://www.espn.com/nba/game?gameId=401071755
374,http://www.espn.com/nba/game?gameId=401071770
375,http://www.espn.com/nba/game?gameId=401071788
376,http://www.espn.com/nba/game?gameId=401071799
377,http://www.espn.com/nba/game?gameId=401071822
378,http://www.espn.com/nba/game?gameId=401071837
379,http://www.espn.com/nba/game?gameId=401071846
380,http://www.espn.com/nba/game?gameId=401071890
381,http://www.espn.com/nba/game?gameId=401071901
382,http://www.espn.com/nba/game?gameId=401070216
383,http://www.espn.com/nba/game?gameId=401070728
384,http://www.espn.com/nba/game?gameId=401070741
385,http://www.espn.com/nba/game?gameId=401070761
386,http://www.espn.com/nba/game?gameId=401070791
387,http://www.espn.com/nba/game?gameId=401070804
388,http://www.espn.com/nba/game?gameId=401070818
389,http://www.espn.com/nba/game?gameId=401070832
390,http://www.espn.com/nba/game?gameId=401070845
391,http://www.espn.com/nba/game?gameId=401070857
392,http://www.espn.com/nba/game?gameId=401070892
393,http://www.espn.com/nba/game?gameId=401070923
394,http://www.espn.com/nba/game?gameId=401070938
395,http://www.espn.com/nba/game?gameId=401070968
396,http://www.espn.com/nba/game?gameId=401070986
397,http://www.espn.com/nba/game?gameId=401070996
398,http://www.espn.com/nba/game?gameId=401071008
399,http://www.espn.com/nba/game?gameId=401071018
400,http://www.espn.com/nba/game?gameId=401071034
401,http://www.espn.com/nba/game?gameId=401071057
402,http://www.espn.com/nba/game?gameId=401071080
403,http://www.espn.com/nba/game?gameId=401071084
404,http://www.espn.com/nba/game?gameId=401071100
405,http://www.espn.com/nba/game?gameId=401071116
406,http://www.espn.com/nba/game?gameId=401071125
407,http://www.espn.com/nba/game?gameId=401071139
408,http://www.espn.com/nba/game?gameId=401071161
409,http://www.espn.com/nba/game?gameId=401071170
410,http://www.espn.com/nba/game?gameId=401071179
411,http://www.espn.com/nba/game?gameId=401071224
412,http://www.espn.com/nba/game?gameId=401071237
413,http://www.espn.com/nba/game?gameId=401071249
414,http://www.espn.com/nba/game?gameId=401071266
415,http://www.espn.com/nba/game?gameId=401071280
416,http://www.espn.com/nba/game?gameId=401071289
417,http://www.espn.com/nba/game?gameId=401071327
418,http://www.espn.com/nba/game?gameId=401071344
419,http://www.espn.com/nba/game?gameId=401071355
420,http://www.espn.com/nba/game?gameId=401071365
421,http://www.espn.com/nba/game?gameId=401071378
422,http://www.espn.com/nba/game?gameId=401071416
423,http://www.espn.com/nba/game?gameId=401071427
424,http://www.espn.com/nba/game?gameId=401071467
425,http://www.espn.com/nba/game?gameId=401071481
426,http://www.espn.com/nba/game?gameId=401071495
427,http://www.espn.com/nba/game?gameId=401071509
428,http://www.espn.com/nba/game?gameId=401071536
429,http://www.espn.com/nba/game?gameId=401071540
430,http://www.espn.com/nba/game?gameId=401071574
431,http://www.espn.com/nba/game?gameId=401071605
432,http://www.espn.com/nba/game?gameId=401071615
433,http://www.espn.com/nba/game?gameId=401071645
434,http://www.espn.com/nba/game?gameId=401071673
435,http://www.espn.com/nba/game?gameId=401071692
436,http://www.espn.com/nba/game?gameId=401071703
437,http://www.espn.com/nba/game?gameId=401071709
438,http://www.espn.com/nba/game?gameId=401071730
439,http://www.espn.com/nba/game?gameId=401071750
440,http://www.espn.com/nba/game?gameId=401071767
441,http://www.espn.com/nba/game?gameId=401071778
442,http://www.espn.com/nba/game?gameId=401071793
443,http://www.espn.com/nba/game?gameId=401071817
444,http://www.espn.com/nba/game?gameId=401071833
445,http://www.espn.com/nba/game?gameId=401071847
446,http://www.espn.com/nba/game?gameId=401071862
447,http://www.espn.com/nba/game?gameId=401071874
448,http://www.espn.com/nba/game?gameId=401071889
449,http://www.espn.com/nba/game?gameId=401070217
450,http://www.espn.com/nba/game?gameId=401070714
451,http://www.espn.com/nba/game?gameId=401070725
452,http://www.espn.com/nba/game?gameId=401070737
453,http://www.espn.com/nba/game?gameId=401070748
454,http://www.espn.com/nba/game?gameId=401070772
455,http://www.espn.com/nba/game?gameId=401070801
456,http://www.espn.com/nba/game?gameId=401070810
457,http://www.espn.com/nba/game?gameId=401070824
458,http://www.espn.com/nba/game?gameId=401070840
459,http://www.espn.com/nba/game?gameId=401070859
460,http://www.espn.com/nba/game?gameId=401070874
461,http://www.espn.com/nba/game?gameId=401070885
462,http://www.espn.com/nba/game?gameId=401070911
463,http://www.espn.com/nba/game?gameId=401070954
464,http://www.espn.com/nba/game?gameId=401070962
465,http://www.espn.com/nba/game?gameId=401070978
466,http://www.espn.com/nba/game?gameId=401071002
467,http://www.espn.com/nba/game?gameId=401071015
468,http://www.espn.com/nba/game?gameId=401071031
469,http://www.espn.com/nba/game?gameId=401071064
470,http://www.espn.com/nba/game?gameId=401071075
471,http://www.espn.com/nba/game?gameId=401071099
472,http://www.espn.com/nba/game?gameId=401071114
473,http://www.espn.com/nba/game?gameId=401071141
474,http://www.espn.com/nba/game?gameId=401071155
475,http://www.espn.com/nba/game?gameId=401071171
476,http://www.espn.com/nba/game?gameId=401071183
477,http://www.espn.com/nba/game?gameId=401071196
478,http://www.espn.com/nba/game?gameId=401071214
479,http://www.espn.com/nba/game?gameId=401071235
480,http://www.espn.com/nba/game?gameId=401071245
481,http://www.espn.com/nba/game?gameId=401071260
482,http://www.espn.com/nba/game?gameId=401071305
483,http://www.espn.com/nba/game?gameId=401071312
484,http://www.espn.com/nba/game?gameId=401071332
485,http://www.espn.com/nba/game?gameId=401071361
486,http://www.espn.com/nba/game?gameId=401071368
487,http://www.espn.com/nba/game?gameId=401071396
488,http://www.espn.com/nba/game?gameId=401071408
489,http://www.espn.com/nba/game?gameId=401071425
490,http://www.espn.com/nba/game?gameId=401071430
491,http://www.espn.com/nba/game?gameId=401071449
492,http://www.espn.com/nba/game?gameId=401071478
493,http://www.espn.com/nba/game?gameId=401071493
494,http://www.espn.com/nba/game?gameId=401071503
495,http://www.espn.com/nba/game?gameId=401071531
496,http://www.espn.com/nba/game?gameId=401071548
497,http://www.espn.com/nba/game?gameId=401071562
498,http://www.espn.com/nba/game?gameId=401071589
499,http://www.espn.com/nba/game?gameId=401071632
500,http://www.espn.com/nba/game?gameId=401071643
501,http://www.espn.com/nba/game?gameId=401071653
502,http://www.espn.com/nba/game?gameId=401071665
503,http://www.espn.com/nba/game?gameId=401071682
504,http://www.espn.com/nba/game?gameId=401071706
505,http://www.espn.com/nba/game?gameId=401071720
506,http://www.espn.com/nba/game?gameId=401071742
507,http://www.espn.com/nba/game?gameId=401071763
508,http://www.espn.com/nba/game?gameId=401071783
509,http://www.espn.com/nba/game?gameId=401071815
510,http://www.espn.com/nba/game?gameId=401071828
511,http://www.espn.com/nba/game?gameId=401071840
512,http://www.espn.com/nba/game?gameId=401071867
513,http://www.espn.com/nba/game?gameId=401071886
514,http://www.espn.com/nba/game?gameId=401071897
515,http://www.espn.com/nba/game?gameId=401070703
516,http://www.espn.com/nba/game?gameId=401070713
517,http://www.espn.com/nba/game?gameId=401070722
518,http://www.espn.com/nba/game?gameId=401070759
519,http://www.espn.com/nba/game?gameId=401070777
520,http://www.espn.com/nba/game?gameId=401070807
521,http://www.espn.com/nba/game?gameId=401070849
522,http://www.espn.com/nba/game?gameId=401070865
523,http://www.espn.com/nba/game?gameId=401070880
524,http://www.espn.com/nba/game?gameId=401070906
525,http://www.espn.com/nba/game?gameId=401070920
526,http://www.espn.com/nba/game?gameId=401070933
527,http://www.espn.com/nba/game?gameId=401071001
528,http://www.espn.com/nba/game?gameId=401071019
529,http://www.espn.com/nba/game?gameId=401071043
530,http://www.espn.com/nba/game?gameId=401071071
531,http://www.espn.com/nba/game?gameId=401071086
532,http://www.espn.com/nba/game?gameId=401071102
533,http://www.espn.com/nba/game?gameId=401071111
534,http://www.espn.com/nba/game?gameId=401071136
535,http://www.espn.com/nba/game?gameId=401071150
536,http://www.espn.com/nba/game?gameId=401071169
537,http://www.espn.com/nba/game?gameId=401071181
538,http://www.espn.com/nba/game?gameId=401071193
539,http://www.espn.com/nba/game?gameId=401071204
540,http://www.espn.com/nba/game?gameId=401071219
541,http://www.espn.com/nba/game?gameId=401071230
542,http://www.espn.com/nba/game?gameId=401071282
543,http://www.espn.com/nba/game?gameId=401071313
544,http://www.espn.com/nba/game?gameId=401071323
545,http://www.espn.com/nba/game?gameId=401071342
546,http://www.espn.com/nba/game?gameId=401071364
547,http://www.espn.com/nba/game?gameId=401071386
548,http://www.espn.com/nba/game?gameId=401071417
549,http://www.espn.com/nba/game?gameId=401071429
550,http://www.espn.com/nba/game?gameId=401071443
551,http://www.espn.com/nba/game?gameId=401071469
552,http://www.espn.com/nba/game?gameId=401071480
553,http://www.espn.com/nba/game?gameId=401071514
554,http://www.espn.com/nba/game?gameId=401071537
555,http://www.espn.com/nba/game?gameId=401071546
556,http://www.espn.com/nba/game?gameId=401071557
557,http://www.espn.com/nba/game?gameId=401071570
558,http://www.espn.com/nba/game?gameId=401071584
559,http://www.espn.com/nba/game?gameId=401071602
560,http://www.espn.com/nba/game?gameId=401071638
561,http://www.espn.com/nba/game?gameId=401071650
562,http://www.espn.com/nba/game?gameId=401071677
563,http://www.espn.com/nba/game?gameId=401071701
564,http://www.espn.com/nba/game?gameId=401071716
565,http://www.espn.com/nba/game?gameId=401071732
566,http://www.espn.com/nba/game?gameId=401071747
567,http://www.espn.com/nba/game?gameId=401071760
568,http://www.espn.com/nba/game?gameId=401071771
569,http://www.espn.com/nba/game?gameId=401071780
570,http://www.espn.com/nba/game?gameId=401071808
571,http://www.espn.com/nba/game?gameId=401071823
572,http://www.espn.com/nba/game?gameId=401071832
573,http://www.espn.com/nba/game?gameId=401071844
574,http://www.espn.com/nba/game?gameId=401071853
575,http://www.espn.com/nba/game?gameId=401071871
576,http://www.espn.com/nba/game?gameId=401071882
577,http://www.espn.com/nba/game?gameId=401071895
578,http://www.espn.com/nba/game?gameId=401070222
579,http://www.espn.com/nba/game?gameId=401070729
580,http://www.espn.com/nba/game?gameId=401070763
581,http://www.espn.com/nba/game?gameId=401070774
582,http://www.espn.com/nba/game?gameId=401070790
583,http://www.espn.com/nba/game?gameId=401070820
584,http://www.espn.com/nba/game?gameId=401070843
585,http://www.espn.com/nba/game?gameId=401070864
586,http://www.espn.com/nba/game?gameId=401070908
587,http://www.espn.com/nba/game?gameId=401070916
588,http://www.espn.com/nba/game?gameId=401070937
589,http://www.espn.com/nba/game?gameId=401070959
590,http://www.espn.com/nba/game?gameId=401070967
591,http://www.espn.com/nba/game?gameId=401070998
592,http://www.espn.com/nba/game?gameId=401071009
593,http://www.espn.com/nba/game?gameId=401071045
594,http://www.espn.com/nba/game?gameId=401071056
595,http://www.espn.com/nba/game?gameId=401071065
596,http://www.espn.com/nba/game?gameId=401071082
597,http://www.espn.com/nba/game?gameId=401071097
598,http://www.espn.com/nba/game?gameId=401071120
599,http://www.espn.com/nba/game?gameId=401071134
600,http://www.espn.com/nba/game?gameId=401071159
601,http://www.espn.com/nba/game?gameId=401071177
602,http://www.espn.com/nba/game?gameId=401070236
603,http://www.espn.com/nba/game?gameId=401071190
604,http://www.espn.com/nba/game?gameId=401071202
605,http://www.espn.com/nba/game?gameId=401071217
606,http://www.espn.com/nba/game?gameId=401071250
607,http://www.espn.com/nba/game?gameId=401071261
608,http://www.espn.com/nba/game?gameId=401071272
609,http://www.espn.com/nba/game?gameId=401071292
610,http://www.espn.com/nba/game?gameId=401071303
611,http://www.espn.com/nba/game?gameId=401071320
612,http://www.espn.com/nba/game?gameId=401071362
613,http://www.espn.com/nba/game?gameId=401070240
614,http://www.espn.com/nba/game?gameId=401071392
615,http://www.espn.com/nba/game?gameId=401071428
616,http://www.espn.com/nba/game?gameId=401071442
617,http://www.espn.com/nba/game?gameId=401071455
618,http://www.espn.com/nba/game?gameId=401071471
619,http://www.espn.com/nba/game?gameId=401071487
620,http://www.espn.com/nba/game?gameId=401071508
621,http://www.espn.com/nba/game?gameId=401071545
622,http://www.espn.com/nba/game?gameId=401071560
623,http://www.espn.com/nba/game?gameId=401071577
624,http://www.espn.com/nba/game?gameId=401071594
625,http://www.espn.com/nba/game?gameId=401071631
626,http://www.espn.com/nba/game?gameId=401071662
627,http://www.espn.com/nba/game?gameId=401071696
628,http://www.espn.com/nba/game?gameId=401071699
629,http://www.espn.com/nba/game?gameId=401071715
630,http://www.espn.com/nba/game?gameId=401071759
631,http://www.espn.com/nba/game?gameId=401071775
632,http://www.espn.com/nba/game?gameId=401071789
633,http://www.espn.com/nba/game?gameId=401071794
634,http://www.espn.com/nba/game?gameId=401071820
635,http://www.espn.com/nba/game?gameId=401071852
636,http://www.espn.com/nba/game?gameId=401071865
637,http://www.espn.com/nba/game?gameId=401071881
638,http://www.espn.com/nba/game?gameId=401070702
639,http://www.espn.com/nba/game?gameId=401070221
640,http://www.espn.com/nba/game?gameId=401070743
641,http://www.espn.com/nba/game?gameId=401070754
642,http://www.espn.com/nba/game?gameId=401070767
643,http://www.espn.com/nba/game?gameId=401070783
644,http://www.espn.com/nba/game?gameId=401070816
645,http://www.espn.com/nba/game?gameId=401070831
646,http://www.espn.com/nba/game?gameId=401070848
647,http://www.espn.com/nba/game?gameId=401070858
648,http://www.espn.com/nba/game?gameId=401070871
649,http://www.espn.com/nba/game?gameId=401070884
650,http://www.espn.com/nba/game?gameId=401070900
651,http://www.espn.com/nba/game?gameId=401070930
652,http://www.espn.com/nba/game?gameId=401070952
653,http://www.espn.com/nba/game?gameId=401070961
654,http://www.espn.com/nba/game?gameId=401070977
655,http://www.espn.com/nba/game?gameId=401070993
656,http://www.espn.com/nba/game?gameId=401071003
657,http://www.espn.com/nba/game?gameId=401071013
658,http://www.espn.com/nba/game?gameId=401071027
659,http://www.espn.com/nba/game?gameId=401071062
660,http://www.espn.com/nba/game?gameId=401071072
661,http://www.espn.com/nba/game?gameId=401071090
662,http://www.espn.com/nba/game?gameId=401071103
663,http://www.espn.com/nba/game?gameId=401071142
664,http://www.espn.com/nba/game?gameId=401071168
665,http://www.espn.com/nba/game?gameId=401071178
666,http://www.espn.com/nba/game?gameId=401071244
667,http://www.espn.com/nba/game?gameId=401071276
668,http://www.espn.com/nba/game?gameId=401071284
669,http://www.espn.com/nba/game?gameId=401071315
670,http://www.espn.com/nba/game?gameId=401071341
671,http://www.espn.com/nba/game?gameId=401071369
672,http://www.espn.com/nba/game?gameId=401071389
673,http://www.espn.com/nba/game?gameId=401071393
674,http://www.espn.com/nba/game?gameId=401071414
675,http://www.espn.com/nba/game?gameId=401071422
676,http://www.espn.com/nba/game?gameId=401071432
677,http://www.espn.com/nba/game?gameId=401071492
678,http://www.espn.com/nba/game?gameId=401071513
679,http://www.espn.com/nba/game?gameId=401071530
680,http://www.espn.com/nba/game?gameId=401071559
681,http://www.espn.com/nba/game?gameId=401071587
682,http://www.espn.com/nba/game?gameId=401071604
683,http://www.espn.com/nba/game?gameId=401071623
684,http://www.espn.com/nba/game?gameId=401071640
685,http://www.espn.com/nba/game?gameId=401071661
686,http://www.espn.com/nba/game?gameId=401071675
687,http://www.espn.com/nba/game?gameId=401071688
688,http://www.espn.com/nba/game?gameId=401071708
689,http://www.espn.com/nba/game?gameId=401071724
690,http://www.espn.com/nba/game?gameId=401071761
691,http://www.espn.com/nba/game?gameId=401071807
692,http://www.espn.com/nba/game?gameId=401071855
693,http://www.espn.com/nba/game?gameId=401071877
694,http://www.espn.com/nba/game?gameId=401071884
695,http://www.espn.com/nba/game?gameId=401070215
696,http://www.espn.com/nba/game?gameId=401070223
697,http://www.espn.com/nba/game?gameId=401070738
698,http://www.espn.com/nba/game?gameId=401070751
699,http://www.espn.com/nba/game?gameId=401070799
700,http://www.espn.com/nba/game?gameId=401070822
701,http://www.espn.com/nba/game?gameId=401070861
702,http://www.espn.com/nba/game?gameId=401070866
703,http://www.espn.com/nba/game?gameId=401070894
704,http://www.espn.com/nba/game?gameId=401070912
705,http://www.espn.com/nba/game?gameId=401070939
706,http://www.espn.com/nba/game?gameId=401070948
707,http://www.espn.com/nba/game?gameId=401070960
708,http://www.espn.com/nba/game?gameId=401070990
709,http://www.espn.com/nba/game?gameId=401071007
710,http://www.espn.com/nba/game?gameId=401071029
711,http://www.espn.com/nba/game?gameId=401071048
712,http://www.espn.com/nba/game?gameId=401071059
713,http://www.espn.com/nba/game?gameId=401071113
714,http://www.espn.com/nba/game?gameId=401071126
715,http://www.espn.com/nba/game?gameId=401071148
716,http://www.espn.com/nba/game?gameId=401071164
717,http://www.espn.com/nba/game?gameId=401071188
718,http://www.espn.com/nba/game?gameId=401071205
719,http://www.espn.com/nba/game?gameId=401071220
720,http://www.espn.com/nba/game?gameId=401071241
721,http://www.espn.com/nba/game?gameId=401071301
722,http://www.espn.com/nba/game?gameId=401071317
723,http://www.espn.com/nba/game?gameId=401071322
724,http://www.espn.com/nba/game?gameId=401071335
725,http://www.espn.com/nba/game?gameId=401070239
726,http://www.espn.com/nba/game?gameId=401071383
727,http://www.espn.com/nba/game?gameId=401071397
728,http://www.espn.com/nba/game?gameId=401071412
729,http://www.espn.com/nba/game?gameId=401071426
730,http://www.espn.com/nba/game?gameId=401071458
731,http://www.espn.com/nba/game?gameId=401071482
732,http://www.espn.com/nba/game?gameId=401071517
733,http://www.espn.com/nba/game?gameId=401071534
734,http://www.espn.com/nba/game?gameId=401071565
735,http://www.espn.com/nba/game?gameId=401071598
736,http://www.espn.com/nba/game?gameId=401071618
737,http://www.espn.com/nba/game?gameId=401071634
738,http://www.espn.com/nba/game?gameId=401071654
739,http://www.espn.com/nba/game?gameId=401071670
740,http://www.espn.com/nba/game?gameId=401071691
741,http://www.espn.com/nba/game?gameId=401071721
742,http://www.espn.com/nba/game?gameId=401071743
743,http://www.espn.com/nba/game?gameId=401071757
744,http://www.espn.com/nba/game?gameId=401071772
745,http://www.espn.com/nba/game?gameId=401071811
746,http://www.espn.com/nba/game?gameId=401071836
747,http://www.espn.com/nba/game?gameId=401071849
748,http://www.espn.com/nba/game?gameId=401071857
749,http://www.espn.com/nba/game?gameId=401070699
750,http://www.espn.com/nba/game?gameId=401070739
751,http://www.espn.com/nba/game?gameId=401070775
752,http://www.espn.com/nba/game?gameId=401070811
753,http://www.espn.com/nba/game?gameId=401070817
754,http://www.espn.com/nba/game?gameId=401070837
755,http://www.espn.com/nba/game?gameId=401070878
756,http://www.espn.com/nba/game?gameId=401070896
757,http://www.espn.com/nba/game?gameId=401070919
758,http://www.espn.com/nba/game?gameId=401070927
759,http://www.espn.com/nba/game?gameId=401070943
760,http://www.espn.com/nba/game?gameId=401070953
761,http://www.espn.com/nba/game?gameId=401070992
762,http://www.espn.com/nba/game?gameId=401071035
763,http://www.espn.com/nba/game?gameId=401071070
764,http://www.espn.com/nba/game?gameId=401071098
765,http://www.espn.com/nba/game?gameId=401071129
766,http://www.espn.com/nba/game?gameId=401071137
767,http://www.espn.com/nba/game?gameId=401071156
768,http://www.espn.com/nba/game?gameId=401071211
769,http://www.espn.com/nba/game?gameId=401071221
770,http://www.espn.com/nba/game?gameId=401071239
771,http://www.espn.com/nba/game?gameId=401071257
772,http://www.espn.com/nba/game?gameId=401071267
773,http://www.espn.com/nba/game?gameId=401071287
774,http://www.espn.com/nba/game?gameId=401071337
775,http://www.espn.com/nba/game?gameId=401071350
776,http://www.espn.com/nba/game?gameId=401071366
777,http://www.espn.com/nba/game?gameId=401071384
778,http://www.espn.com/nba/game?gameId=401071403
779,http://www.espn.com/nba/game?gameId=401071440
780,http://www.espn.com/nba/game?gameId=401071454
781,http://www.espn.com/nba/game?gameId=401071468
782,http://www.espn.com/nba/game?gameId=401071483
783,http://www.espn.com/nba/game?gameId=401071498
784,http://www.espn.com/nba/game?gameId=401071523
785,http://www.espn.com/nba/game?gameId=401071549
786,http://www.espn.com/nba/game?gameId=401071569
787,http://www.espn.com/nba/game?gameId=401071573
788,http://www.espn.com/nba/game?gameId=401071590
789,http://www.espn.com/nba/game?gameId=401071684
790,http://www.espn.com/nba/game?gameId=401071705
791,http://www.espn.com/nba/game?gameId=401071728
792,http://www.espn.com/nba/game?gameId=401071744
793,http://www.espn.com/nba/game?gameId=401071773
794,http://www.espn.com/nba/game?gameId=401071802
795,http://www.espn.com/nba/game?gameId=401071821
796,http://www.espn.com/nba/game?gameId=401071869
797,http://www.espn.com/nba/game?gameId=401071900
798,http://www.espn.com/nba/game?gameId=401070694
799,http://www.espn.com/nba/game?gameId=401070704
800,http://www.espn.com/nba/game?gameId=401070710
801,http://www.espn.com/nba/game?gameId=401070734
802,http://www.espn.com/nba/game?gameId=401070753
803,http://www.espn.com/nba/game?gameId=401070764
804,http://www.espn.com/nba/game?gameId=401070785
805,http://www.espn.com/nba/game?gameId=401070815
806,http://www.espn.com/nba/game?gameId=401070862
807,http://www.espn.com/nba/game?gameId=401070876
808,http://www.espn.com/nba/game?gameId=401070886
809,http://www.espn.com/nba/game?gameId=401070905
810,http://www.espn.com/nba/game?gameId=401070931
811,http://www.espn.com/nba/game?gameId=401070942
812,http://www.espn.com/nba/game?gameId=401070946
813,http://www.espn.com/nba/game?gameId=401070970
814,http://www.espn.com/nba/game?gameId=401070989
815,http://www.espn.com/nba/game?gameId=401071004
816,http://www.espn.com/nba/game?gameId=401071026
817,http://www.espn.com/nba/game?gameId=401071052
818,http://www.espn.com/nba/game?gameId=401071063
819,http://www.espn.com/nba/game?gameId=401071089
820,http://www.espn.com/nba/game?gameId=401071152
821,http://www.espn.com/nba/game?gameId=401071233
822,http://www.espn.com/nba/game?gameId=401071246
823,http://www.espn.com/nba/game?gameId=401071268
824,http://www.espn.com/nba/game?gameId=401071300
825,http://www.espn.com/nba/game?gameId=401071321
826,http://www.espn.com/nba/game?gameId=401071349
827,http://www.espn.com/nba/game?gameId=401071372
828,http://www.espn.com/nba/game?gameId=401071381
829,http://www.espn.com/nba/game?gameId=401071394
830,http://www.espn.com/nba/game?gameId=401071419
831,http://www.espn.com/nba/game?gameId=401071450
832,http://www.espn.com/nba/game?gameId=401071515
833,http://www.espn.com/nba/game?gameId=401071526
834,http://www.espn.com/nba/game?gameId=401071610
835,http://www.espn.com/nba/game?gameId=401071625
836,http://www.espn.com/nba/game?gameId=401071642
837,http://www.espn.com/nba/game?gameId=401071676
838,http://www.espn.com/nba/game?gameId=401071714
839,http://www.espn.com/nba/game?gameId=401071722
840,http://www.espn.com/nba/game?gameId=401071736
841,http://www.espn.com/nba/game?gameId=401071796
842,http://www.espn.com/nba/game?gameId=401071810
843,http://www.espn.com/nba/game?gameId=401071842
844,http://www.espn.com/nba/game?gameId=401071872
845,http://www.espn.com/nba/game?gameId=401071894
846,http://www.espn.com/nba/game?gameId=401070695
847,http://www.espn.com/nba/game?gameId=401070726
848,http://www.espn.com/nba/game?gameId=401070742
849,http://www.espn.com/nba/game?gameId=401070803
850,http://www.espn.com/nba/game?gameId=401070828
851,http://www.espn.com/nba/game?gameId=401070860
852,http://www.espn.com/nba/game?gameId=401070875
853,http://www.espn.com/nba/game?gameId=401070901
854,http://www.espn.com/nba/game?gameId=401070915
855,http://www.espn.com/nba/game?gameId=401070925
856,http://www.espn.com/nba/game?gameId=401070947
857,http://www.espn.com/nba/game?gameId=401070972
858,http://www.espn.com/nba/game?gameId=401070984
859,http://www.espn.com/nba/game?gameId=401071021
860,http://www.espn.com/nba/game?gameId=401071041
861,http://www.espn.com/nba/game?gameId=401071055
862,http://www.espn.com/nba/game?gameId=401071106
863,http://www.espn.com/nba/game?gameId=401071130
864,http://www.espn.com/nba/game?gameId=401071158
865,http://www.espn.com/nba/game?gameId=401071184
866,http://www.espn.com/nba/game?gameId=401071207
867,http://www.espn.com/nba/game?gameId=401071236
868,http://www.espn.com/nba/game?gameId=401071271
869,http://www.espn.com/nba/game?gameId=401071307
870,http://www.espn.com/nba/game?gameId=401071347
871,http://www.espn.com/nba/game?gameId=401071360
872,http://www.espn.com/nba/game?gameId=401070238
873,http://www.espn.com/nba/game?gameId=401071398
874,http://www.espn.com/nba/game?gameId=401071404
875,http://www.espn.com/nba/game?gameId=401071433
876,http://www.espn.com/nba/game?gameId=401071460
877,http://www.espn.com/nba/game?gameId=401071474
878,http://www.espn.com/nba/game?gameId=401071504
879,http://www.espn.com/nba/game?gameId=401071552
880,http://www.espn.com/nba/game?gameId=401071558
881,http://www.espn.com/nba/game?gameId=401071612
882,http://www.espn.com/nba/game?gameId=401071655
883,http://www.espn.com/nba/game?gameId=401071669
884,http://www.espn.com/nba/game?gameId=401071753
885,http://www.espn.com/nba/game?gameId=401071764
886,http://www.espn.com/nba/game?gameId=401071791
887,http://www.espn.com/nba/game?gameId=401071824
888,http://www.espn.com/nba/game?gameId=401071860
889,http://www.espn.com/nba/game?gameId=401071873
890,http://www.espn.com/nba/game?gameId=401071883
891,http://www.espn.com/nba/game?gameId=401071898
892,http://www.espn.com/nba/game?gameId=401070700
893,http://www.espn.com/nba/game?gameId=401070220
894,http://www.espn.com/nba/game?gameId=401070756
895,http://www.espn.com/nba/game?gameId=401070765
896,http://www.espn.com/nba/game?gameId=401070788
897,http://www.espn.com/nba/game?gameId=401070827
898,http://www.espn.com/nba/game?gameId=401070841
899,http://www.espn.com/nba/game?gameId=401070853
900,http://www.espn.com/nba/game?gameId=401070891
901,http://www.espn.com/nba/game?gameId=401070899
902,http://www.espn.com/nba/game?gameId=401070910
903,http://www.espn.com/nba/game?gameId=401070922
904,http://www.espn.com/nba/game?gameId=401070944
905,http://www.espn.com/nba/game?gameId=401070973
906,http://www.espn.com/nba/game?gameId=401070980
907,http://www.espn.com/nba/game?gameId=401071020
908,http://www.espn.com/nba/game?gameId=401071094
909,http://www.espn.com/nba/game?gameId=401071110
910,http://www.espn.com/nba/game?gameId=401071145
911,http://www.espn.com/nba/game?gameId=401071191
912,http://www.espn.com/nba/game?gameId=401071208
913,http://www.espn.com/nba/game?gameId=401071225
914,http://www.espn.com/nba/game?gameId=401071243
915,http://www.espn.com/nba/game?gameId=401071253
916,http://www.espn.com/nba/game?gameId=401071290
917,http://www.espn.com/nba/game?gameId=401071324
918,http://www.espn.com/nba/game?gameId=401071340
919,http://www.espn.com/nba/game?gameId=401071351
920,http://www.espn.com/nba/game?gameId=401071402
921,http://www.espn.com/nba/game?gameId=401071413
922,http://www.espn.com/nba/game?gameId=401071525
923,http://www.espn.com/nba/game?gameId=401071566
924,http://www.espn.com/nba/game?gameId=401071592
925,http://www.espn.com/nba/game?gameId=401071629
926,http://www.espn.com/nba/game?gameId=401071644
927,http://www.espn.com/nba/game?gameId=401071697
928,http://www.espn.com/nba/game?gameId=401071741
929,http://www.espn.com/nba/game?gameId=401071861
930,http://www.espn.com/nba/game?gameId=401071902
931,http://www.espn.com/nba/game?gameId=401070698
932,http://www.espn.com/nba/game?gameId=401070219
933,http://www.espn.com/nba/game?gameId=401070736
934,http://www.espn.com/nba/game?gameId=401070750
935,http://www.espn.com/nba/game?gameId=401070781
936,http://www.espn.com/nba/game?gameId=401070842
937,http://www.espn.com/nba/game?gameId=401070855
938,http://www.espn.com/nba/game?gameId=401070873
939,http://www.espn.com/nba/game?gameId=401070887
940,http://www.espn.com/nba/game?gameId=401070897
941,http://www.espn.com/nba/game?gameId=401070929
942,http://www.espn.com/nba/game?gameId=401070971
943,http://www.espn.com/nba/game?gameId=401070997
944,http://www.espn.com/nba/game?gameId=401071014
945,http://www.espn.com/nba/game?gameId=401071040
946,http://www.espn.com/nba/game?gameId=401071085
947,http://www.espn.com/nba/game?gameId=401071096
948,http://www.espn.com/nba/game?gameId=401071140
949,http://www.espn.com/nba/game?gameId=401071151
950,http://www.espn.com/nba/game?gameId=401071162
951,http://www.espn.com/nba/game?gameId=401071182
952,http://www.espn.com/nba/game?gameId=401071195
953,http://www.espn.com/nba/game?gameId=401071265
954,http://www.espn.com/nba/game?gameId=401071334
955,http://www.espn.com/nba/game?gameId=401071375
956,http://www.espn.com/nba/game?gameId=401071379
957,http://www.espn.com/nba/game?gameId=401071411
958,http://www.espn.com/nba/game?gameId=401071462
959,http://www.espn.com/nba/game?gameId=401071473
960,http://www.espn.com/nba/game?gameId=401071501
961,http://www.espn.com/nba/game?gameId=401071567
962,http://www.espn.com/nba/game?gameId=401071582
963,http://www.espn.com/nba/game?gameId=401071622
964,http://www.espn.com/nba/game?gameId=401071656
965,http://www.espn.com/nba/game?gameId=401071666
966,http://www.espn.com/nba/game?gameId=401071674
967,http://www.espn.com/nba/game?gameId=401071718
968,http://www.espn.com/nba/game?gameId=401071726
969,http://www.espn.com/nba/game?gameId=401071798
970,http://www.espn.com/nba/game?gameId=401071829
971,http://www.espn.com/nba/game?gameId=401071868
972,http://www.espn.com/nba/game?gameId=401071887
973,http://www.espn.com/nba/game?gameId=401070213
974,http://www.espn.com/nba/game?gameId=401070712
975,http://www.espn.com/nba/game?gameId=401070730
976,http://www.espn.com/nba/game?gameId=401070794
977,http://www.espn.com/nba/game?gameId=401070806
978,http://www.espn.com/nba/game?gameId=401070838
979,http://www.espn.com/nba/game?gameId=401070872
980,http://www.espn.com/nba/game?gameId=401070883
981,http://www.espn.com/nba/game?gameId=401070934
982,http://www.espn.com/nba/game?gameId=401070951
983,http://www.espn.com/nba/game?gameId=401070988
984,http://www.espn.com/nba/game?gameId=401071050
985,http://www.espn.com/nba/game?gameId=401071073
986,http://www.espn.com/nba/game?gameId=401071105
987,http://www.espn.com/nba/game?gameId=401071118
988,http://www.espn.com/nba/game?gameId=401071138
989,http://www.espn.com/nba/game?gameId=401070235
990,http://www.espn.com/nba/game?gameId=401071229
991,http://www.espn.com/nba/game?gameId=401071254
992,http://www.espn.com/nba/game?gameId=401071314
993,http://www.espn.com/nba/game?gameId=401071328
994,http://www.espn.com/nba/game?gameId=401071343
995,http://www.espn.com/nba/game?gameId=401071441
996,http://www.espn.com/nba/game?gameId=401071459
997,http://www.espn.com/nba/game?gameId=401071522
998,http://www.espn.com/nba/game?gameId=401071529
999,http://www.espn.com/nba/game?gameId=401071541
1000,http://www.espn.com/nba/game?gameId=401071579
1001,http://www.espn.com/nba/game?gameId=401071611
1002,http://www.espn.com/nba/game?gameId=401071633
1003,http://www.espn.com/nba/game?gameId=401071667
1004,http://www.espn.com/nba/game?gameId=401071681
1005,http://www.espn.com/nba/game?gameId=401071700
1006,http://www.espn.com/nba/game?gameId=401071740
1007,http://www.espn.com/nba/game?gameId=401071776
1008,http://www.espn.com/nba/game?gameId=401071816
1009,http://www.espn.com/nba/game?gameId=401071831
1010,http://www.espn.com/nba/game?gameId=401071885
1011,http://www.espn.com/nba/game?gameId=401070706
1012,http://www.espn.com/nba/game?gameId=401070715
1013,http://www.espn.com/nba/game?gameId=401070724
1014,http://www.espn.com/nba/game?gameId=401070805
1015,http://www.espn.com/nba/game?gameId=401070829
1016,http://www.espn.com/nba/game?gameId=401070854
1017,http://www.espn.com/nba/game?gameId=401070889
1018,http://www.espn.com/nba/game?gameId=401070976
1019,http://www.espn.com/nba/game?gameId=401071016
1020,http://www.espn.com/nba/game?gameId=401071081
1021,http://www.espn.com/nba/game?gameId=401071095
1022,http://www.espn.com/nba/game?gameId=401071127
1023,http://www.espn.com/nba/game?gameId=401071144
1024,http://www.espn.com/nba/game?gameId=401071213
1025,http://www.espn.com/nba/game?gameId=401071222
1026,http://www.espn.com/nba/game?gameId=401071234
1027,http://www.espn.com/nba/game?gameId=401071247
1028,http://www.espn.com/nba/game?gameId=401071302
1029,http://www.espn.com/nba/game?gameId=401071309
1030,http://www.espn.com/nba/game?gameId=401071485
1031,http://www.espn.com/nba/game?gameId=401071496
1032,http://www.espn.com/nba/game?gameId=401071518
1033,http://www.espn.com/nba/game?gameId=401071551
1034,http://www.espn.com/nba/game?gameId=401071578
1035,http://www.espn.com/nba/game?gameId=401071595
1036,http://www.espn.com/nba/game?gameId=401071639
1037,http://www.espn.com/nba/game?gameId=401071671
1038,http://www.espn.com/nba/game?gameId=401071735
1039,http://www.espn.com/nba/game?gameId=401071785
1040,http://www.espn.com/nba/game?gameId=401071805
1041,http://www.espn.com/nba/game?gameId=401071845
1042,http://www.espn.com/nba/game?gameId=401071858
1043,http://www.espn.com/nba/game?gameId=401070707
1044,http://www.espn.com/nba/game?gameId=401070731
1045,http://www.espn.com/nba/game?gameId=401070789
1046,http://www.espn.com/nba/game?gameId=401070903
1047,http://www.espn.com/nba/game?gameId=401070950
1048,http://www.espn.com/nba/game?gameId=401070979
1049,http://www.espn.com/nba/game?gameId=401071005
1050,http://www.espn.com/nba/game?gameId=401071030
1051,http://www.espn.com/nba/game?gameId=401071044
1052,http://www.espn.com/nba/game?gameId=401071068
1053,http://www.espn.com/nba/game?gameId=401071074
1054,http://www.espn.com/nba/game?gameId=401071122
1055,http://www.espn.com/nba/game?gameId=401071173
1056,http://www.espn.com/nba/game?gameId=401071185
1057,http://www.espn.com/nba/game?gameId=401071199
1058,http://www.espn.com/nba/game?gameId=401071255
1059,http://www.espn.com/nba/game?gameId=401071288
1060,http://www.espn.com/nba/game?gameId=401071326
1061,http://www.espn.com/nba/game?gameId=401071339
1062,http://www.espn.com/nba/game?gameId=401071387
1063,http://www.espn.com/nba/game?gameId=401071466
1064,http://www.espn.com/nba/game?gameId=401071524
1065,http://www.espn.com/nba/game?gameId=401071547
1066,http://www.espn.com/nba/game?gameId=401071729
1067,http://www.espn.com/nba/game?gameId=401071739
1068,http://www.espn.com/nba/game?gameId=401071801
1069,http://www.espn.com/nba/game?gameId=401071880
1070,http://www.espn.com/nba/game?gameId=401071888
1071,http://www.espn.com/nba/game?gameId=401070744
1072,http://www.espn.com/nba/game?gameId=401070758
1073,http://www.espn.com/nba/game?gameId=401070823
1074,http://www.espn.com/nba/game?gameId=401070921
1075,http://www.espn.com/nba/game?gameId=401071000
1076,http://www.espn.com/nba/game?gameId=401071036
1077,http://www.espn.com/nba/game?gameId=401071053
1078,http://www.espn.com/nba/game?gameId=401071087
1079,http://www.espn.com/nba/game?gameId=401071132
1080,http://www.espn.com/nba/game?gameId=401071197
1081,http://www.espn.com/nba/game?gameId=401071231
1082,http://www.espn.com/nba/game?gameId=401071275
1083,http://www.espn.com/nba/game?gameId=401071380
1084,http://www.espn.com/nba/game?gameId=401071395
1085,http://www.espn.com/nba/game?gameId=401071452
1086,http://www.espn.com/nba/game?gameId=401071470
1087,http://www.espn.com/nba/game?gameId=401071499
1088,http://www.espn.com/nba/game?gameId=401071512
1089,http://www.espn.com/nba/game?gameId=401071597
1090,http://www.espn.com/nba/game?gameId=401071608
1091,http://www.espn.com/nba/game?gameId=401071621
1092,http://www.espn.com/nba/game?gameId=401071652
1093,http://www.espn.com/nba/game?gameId=401071694
1094,http://www.espn.com/nba/game?gameId=401071710
1095,http://www.espn.com/nba/game?gameId=401071723
1096,http://www.espn.com/nba/game?gameId=401071754
1097,http://www.espn.com/nba/game?gameId=401071781
1098,http://www.espn.com/nba/game?gameId=401071809
1099,http://www.espn.com/nba/game?gameId=401071851
1100,http://www.espn.com/nba/game?gameId=401071864
