;Team;Link
819;SAC;http://www.espn.com/nba/game?gameId=401071903
820;OKC;http://www.espn.com/nba/game?gameId=401070214
821;OKC;http://www.espn.com/nba/game?gameId=401070709
822;OKC;http://www.espn.com/nba/game?gameId=401070719
823;OKC;http://www.espn.com/nba/game?gameId=401070746
824;OKC;http://www.espn.com/nba/game?gameId=401070766
825;OKC;http://www.espn.com/nba/game?gameId=401070784
826;OKC;http://www.espn.com/nba/game?gameId=401070792
827;OKC;http://www.espn.com/nba/game?gameId=401070800
828;OKC;http://www.espn.com/nba/game?gameId=401070825
829;OKC;http://www.espn.com/nba/game?gameId=401070834
830;OKC;http://www.espn.com/nba/game?gameId=401070844
831;OKC;http://www.espn.com/nba/game?gameId=401070863
832;OKC;http://www.espn.com/nba/game?gameId=401070877
833;OKC;http://www.espn.com/nba/game?gameId=401070890
834;OKC;http://www.espn.com/nba/game?gameId=401070914
835;OKC;http://www.espn.com/nba/game?gameId=401070928
836;OKC;http://www.espn.com/nba/game?gameId=401070945
837;OKC;http://www.espn.com/nba/game?gameId=401070955
838;OKC;http://www.espn.com/nba/game?gameId=401070963
839;OKC;http://www.espn.com/nba/game?gameId=401070994
840;OKC;http://www.espn.com/nba/game?gameId=401071006
841;OKC;http://www.espn.com/nba/game?gameId=401071024
842;OKC;http://www.espn.com/nba/game?gameId=401071039
843;OKC;http://www.espn.com/nba/game?gameId=401071054
844;OKC;http://www.espn.com/nba/game?gameId=401071077
845;OKC;http://www.espn.com/nba/game?gameId=401071092
846;OKC;http://www.espn.com/nba/game?gameId=401071107
847;OKC;http://www.espn.com/nba/game?gameId=401071115
848;OKC;http://www.espn.com/nba/game?gameId=401071128
849;OKC;http://www.espn.com/nba/game?gameId=401071147
850;OKC;http://www.espn.com/nba/game?gameId=401071166
851;OKC;http://www.espn.com/nba/game?gameId=401071174
852;OKC;http://www.espn.com/nba/game?gameId=401070234
853;OKC;http://www.espn.com/nba/game?gameId=401071201
854;OKC;http://www.espn.com/nba/game?gameId=401071215
855;OKC;http://www.espn.com/nba/game?gameId=401071223
856;OKC;http://www.espn.com/nba/game?gameId=401071238
857;OKC;http://www.espn.com/nba/game?gameId=401071251
858;OKC;http://www.espn.com/nba/game?gameId=401071264
859;OKC;http://www.espn.com/nba/game?gameId=401071279
860;OKC;http://www.espn.com/nba/game?gameId=401071295
861;OKC;http://www.espn.com/nba/game?gameId=401071310
862;OKC;http://www.espn.com/nba/game?gameId=401071329
863;OKC;http://www.espn.com/nba/game?gameId=401071346
864;OKC;http://www.espn.com/nba/game?gameId=401071354
865;OKC;http://www.espn.com/nba/game?gameId=401071367
866;OKC;http://www.espn.com/nba/game?gameId=401071376
867;OKC;http://www.espn.com/nba/game?gameId=401071390
868;OKC;http://www.espn.com/nba/game?gameId=401071410
869;OKC;http://www.espn.com/nba/game?gameId=401071424
870;OKC;http://www.espn.com/nba/game?gameId=401071445
871;OKC;http://www.espn.com/nba/game?gameId=401071461
872;OKC;http://www.espn.com/nba/game?gameId=401071475
873;OKC;http://www.espn.com/nba/game?gameId=401071488
874;OKC;http://www.espn.com/nba/game?gameId=401071505
875;OKC;http://www.espn.com/nba/game?gameId=401071519
876;OKC;http://www.espn.com/nba/game?gameId=401071539
877;OKC;http://www.espn.com/nba/game?gameId=401071554
878;OKC;http://www.espn.com/nba/game?gameId=401071563
879;OKC;http://www.espn.com/nba/game?gameId=401071583
880;OKC;http://www.espn.com/nba/game?gameId=401071600
881;OKC;http://www.espn.com/nba/game?gameId=401071613
882;OKC;http://www.espn.com/nba/game?gameId=401071624
883;OKC;http://www.espn.com/nba/game?gameId=401071636
884;OKC;http://www.espn.com/nba/game?gameId=401071649
885;OKC;http://www.espn.com/nba/game?gameId=401071658
886;OKC;http://www.espn.com/nba/game?gameId=401071678
887;OKC;http://www.espn.com/nba/game?gameId=401071690
888;OKC;http://www.espn.com/nba/game?gameId=401071693
889;OKC;http://www.espn.com/nba/game?gameId=401071711
890;OKC;http://www.espn.com/nba/game?gameId=401071727
891;OKC;http://www.espn.com/nba/game?gameId=401071745
892;OKC;http://www.espn.com/nba/game?gameId=401071756
893;OKC;http://www.espn.com/nba/game?gameId=401071777
894;OKC;http://www.espn.com/nba/game?gameId=401071792
895;OKC;http://www.espn.com/nba/game?gameId=401071806
896;OKC;http://www.espn.com/nba/game?gameId=401071819
897;OKC;http://www.espn.com/nba/game?gameId=401071834
898;OKC;http://www.espn.com/nba/game?gameId=401071859
899;OKC;http://www.espn.com/nba/game?gameId=401071870
900;OKC;http://www.espn.com/nba/game?gameId=401071891
901;OKC;http://www.espn.com/nba/game?gameId=401071899
902;ATL;http://www.espn.com/nba/game?gameId=401070697
903;ATL;http://www.espn.com/nba/game?gameId=401070705
904;ATL;http://www.espn.com/nba/game?gameId=401070718
905;ATL;http://www.espn.com/nba/game?gameId=401070733
906;ATL;http://www.espn.com/nba/game?gameId=401070757
907;ATL;http://www.espn.com/nba/game?gameId=401070769
908;ATL;http://www.espn.com/nba/game?gameId=401070778
909;ATL;http://www.espn.com/nba/game?gameId=401070795
910;ATL;http://www.espn.com/nba/game?gameId=401070809
911;ATL;http://www.espn.com/nba/game?gameId=401070830
912;ATL;http://www.espn.com/nba/game?gameId=401070836
913;ATL;http://www.espn.com/nba/game?gameId=401070850
914;ATL;http://www.espn.com/nba/game?gameId=401070870
915;ATL;http://www.espn.com/nba/game?gameId=401070882
916;ATL;http://www.espn.com/nba/game?gameId=401070895
917;ATL;http://www.espn.com/nba/game?gameId=401070907
918;ATL;http://www.espn.com/nba/game?gameId=401070924
919;ATL;http://www.espn.com/nba/game?gameId=401070935
920;ATL;http://www.espn.com/nba/game?gameId=401070949
921;ATL;http://www.espn.com/nba/game?gameId=401070969
922;ATL;http://www.espn.com/nba/game?gameId=401070983
923;ATL;http://www.espn.com/nba/game?gameId=401070987
924;ATL;http://www.espn.com/nba/game?gameId=401071006
925;ATL;http://www.espn.com/nba/game?gameId=401071025
926;ATL;http://www.espn.com/nba/game?gameId=401071038
927;ATL;http://www.espn.com/nba/game?gameId=401071061
928;ATL;http://www.espn.com/nba/game?gameId=401071093
929;ATL;http://www.espn.com/nba/game?gameId=401071101
930;ATL;http://www.espn.com/nba/game?gameId=401071117
931;ATL;http://www.espn.com/nba/game?gameId=401071133
932;ATL;http://www.espn.com/nba/game?gameId=401071153
933;ATL;http://www.espn.com/nba/game?gameId=401071167
934;ATL;http://www.espn.com/nba/game?gameId=401071180
935;ATL;http://www.espn.com/nba/game?gameId=401071198
936;ATL;http://www.espn.com/nba/game?gameId=401071206
937;ATL;http://www.espn.com/nba/game?gameId=401071218
938;ATL;http://www.espn.com/nba/game?gameId=401071232
939;ATL;http://www.espn.com/nba/game?gameId=401071248
940;ATL;http://www.espn.com/nba/game?gameId=401071263
941;ATL;http://www.espn.com/nba/game?gameId=401071278
942;ATL;http://www.espn.com/nba/game?gameId=401071285
943;ATL;http://www.espn.com/nba/game?gameId=401071297
944;ATL;http://www.espn.com/nba/game?gameId=401071316
945;ATL;http://www.espn.com/nba/game?gameId=401071329
946;ATL;http://www.espn.com/nba/game?gameId=401071359
947;ATL;http://www.espn.com/nba/game?gameId=401071371
948;ATL;http://www.espn.com/nba/game?gameId=401071385
949;ATL;http://www.espn.com/nba/game?gameId=401071407
950;ATL;http://www.espn.com/nba/game?gameId=401071421
951;ATL;http://www.espn.com/nba/game?gameId=401071435
952;ATL;http://www.espn.com/nba/game?gameId=401071446
953;ATL;http://www.espn.com/nba/game?gameId=401071457
954;ATL;http://www.espn.com/nba/game?gameId=401071464
955;ATL;http://www.espn.com/nba/game?gameId=401071486
956;ATL;http://www.espn.com/nba/game?gameId=401071500
957;ATL;http://www.espn.com/nba/game?gameId=401071510
958;ATL;http://www.espn.com/nba/game?gameId=401071521
959;ATL;http://www.espn.com/nba/game?gameId=401071538
960;ATL;http://www.espn.com/nba/game?gameId=401071550
961;ATL;http://www.espn.com/nba/game?gameId=401071556
962;ATL;http://www.espn.com/nba/game?gameId=401071576
963;ATL;http://www.espn.com/nba/game?gameId=401071585
964;ATL;http://www.espn.com/nba/game?gameId=401071601
965;ATL;http://www.espn.com/nba/game?gameId=401071619
966;ATL;http://www.espn.com/nba/game?gameId=401071626
967;ATL;http://www.espn.com/nba/game?gameId=401071641
968;ATL;http://www.espn.com/nba/game?gameId=401071660
969;ATL;http://www.espn.com/nba/game?gameId=401071668
970;ATL;http://www.espn.com/nba/game?gameId=401071689
971;ATL;http://www.espn.com/nba/game?gameId=401071707
972;ATL;http://www.espn.com/nba/game?gameId=401071719
973;ATL;http://www.espn.com/nba/game?gameId=401071733
974;ATL;http://www.espn.com/nba/game?gameId=401071749
975;ATL;http://www.espn.com/nba/game?gameId=401071762
976;ATL;http://www.espn.com/nba/game?gameId=401071786
977;ATL;http://www.espn.com/nba/game?gameId=401071804
978;ATL;http://www.espn.com/nba/game?gameId=401071818
979;ATL;http://www.espn.com/nba/game?gameId=401071835
980;ATL;http://www.espn.com/nba/game?gameId=401071841
981;ATL;http://www.espn.com/nba/game?gameId=401071854
982;ATL;http://www.espn.com/nba/game?gameId=401071875
983;ATL;http://www.espn.com/nba/game?gameId=401071893
984;POR;http://www.espn.com/nba/game?gameId=401070218
985;POR;http://www.espn.com/nba/game?gameId=401070717
986;POR;http://www.espn.com/nba/game?gameId=401070727
987;POR;http://www.espn.com/nba/game?gameId=401070745
988;POR;http://www.espn.com/nba/game?gameId=401070760
989;POR;http://www.espn.com/nba/game?gameId=401070768
990;POR;http://www.espn.com/nba/game?gameId=401070782
991;POR;http://www.espn.com/nba/game?gameId=401070797
992;POR;http://www.espn.com/nba/game?gameId=401070813
993;POR;http://www.espn.com/nba/game?gameId=401070819
994;POR;http://www.espn.com/nba/game?gameId=401070833
995;POR;http://www.espn.com/nba/game?gameId=401070846
996;POR;http://www.espn.com/nba/game?gameId=401070869
997;POR;http://www.espn.com/nba/game?gameId=401070893
998;POR;http://www.espn.com/nba/game?gameId=401070902
999;POR;http://www.espn.com/nba/game?gameId=401070918
1000;POR;http://www.espn.com/nba/game?gameId=401070932
1001;POR;http://www.espn.com/nba/game?gameId=401070940
1002;POR;http://www.espn.com/nba/game?gameId=401070958
1003;POR;http://www.espn.com/nba/game?gameId=401070974
1004;POR;http://www.espn.com/nba/game?gameId=401070995
1005;POR;http://www.espn.com/nba/game?gameId=401071010
1006;POR;http://www.espn.com/nba/game?gameId=401071023
1007;POR;http://www.espn.com/nba/game?gameId=401071033
1008;POR;http://www.espn.com/nba/game?gameId=401071047
1009;POR;http://www.espn.com/nba/game?gameId=401071066
1010;POR;http://www.espn.com/nba/game?gameId=401071083
1011;POR;http://www.espn.com/nba/game?gameId=401071091
1012;POR;http://www.espn.com/nba/game?gameId=401071108
1013;POR;http://www.espn.com/nba/game?gameId=401071131
1014;POR;http://www.espn.com/nba/game?gameId=401071146
1015;POR;http://www.espn.com/nba/game?gameId=401071157
1016;POR;http://www.espn.com/nba/game?gameId=401071176
1017;POR;http://www.espn.com/nba/game?gameId=401070237
1018;POR;http://www.espn.com/nba/game?gameId=401071192
1019;POR;http://www.espn.com/nba/game?gameId=401071210
1020;POR;http://www.espn.com/nba/game?gameId=401071216
1021;POR;http://www.espn.com/nba/game?gameId=401071228
1022;POR;http://www.espn.com/nba/game?gameId=401071251
1023;POR;http://www.espn.com/nba/game?gameId=401071258
1024;POR;http://www.espn.com/nba/game?gameId=401071273
1025;POR;http://www.espn.com/nba/game?gameId=401071291
1026;POR;http://www.espn.com/nba/game?gameId=401071304
1027;POR;http://www.espn.com/nba/game?gameId=401071319
1028;POR;http://www.espn.com/nba/game?gameId=401071325
1029;POR;http://www.espn.com/nba/game?gameId=401071338
1030;POR;http://www.espn.com/nba/game?gameId=401071353
1031;POR;http://www.espn.com/nba/game?gameId=401071374
1032;POR;http://www.espn.com/nba/game?gameId=401071376
1033;POR;http://www.espn.com/nba/game?gameId=401071391
1034;POR;http://www.espn.com/nba/game?gameId=401071407
1035;POR;http://www.espn.com/nba/game?gameId=401071436
1036;POR;http://www.espn.com/nba/game?gameId=401071476
1037;POR;http://www.espn.com/nba/game?gameId=401071489
1038;POR;http://www.espn.com/nba/game?gameId=401071507
1039;POR;http://www.espn.com/nba/game?gameId=401071519
1040;POR;http://www.espn.com/nba/game?gameId=401071535
1041;POR;http://www.espn.com/nba/game?gameId=401071542
1042;POR;http://www.espn.com/nba/game?gameId=401071555
1043;POR;http://www.espn.com/nba/game?gameId=401071571
1044;POR;http://www.espn.com/nba/game?gameId=401071586
1045;POR;http://www.espn.com/nba/game?gameId=401071603
1046;POR;http://www.espn.com/nba/game?gameId=401071617
1047;POR;http://www.espn.com/nba/game?gameId=401071635
1048;POR;http://www.espn.com/nba/game?gameId=401071649
1049;POR;http://www.espn.com/nba/game?gameId=401071664
1050;POR;http://www.espn.com/nba/game?gameId=401071686
1051;POR;http://www.espn.com/nba/game?gameId=401071704
1052;POR;http://www.espn.com/nba/game?gameId=401071712
1053;POR;http://www.espn.com/nba/game?gameId=401071731
1054;POR;http://www.espn.com/nba/game?gameId=401071746
1055;POR;http://www.espn.com/nba/game?gameId=401071766
1056;POR;http://www.espn.com/nba/game?gameId=401071779
1057;POR;http://www.espn.com/nba/game?gameId=401071790
1058;POR;http://www.espn.com/nba/game?gameId=401071804
1059;POR;http://www.espn.com/nba/game?gameId=401071812
1060;POR;http://www.espn.com/nba/game?gameId=401071830
1061;POR;http://www.espn.com/nba/game?gameId=401071848
1062;POR;http://www.espn.com/nba/game?gameId=401071863
1063;POR;http://www.espn.com/nba/game?gameId=401071879
1064;POR;http://www.espn.com/nba/game?gameId=401071892
1065;POR;http://www.espn.com/nba/game?gameId=401071903
1066;MIL;http://www.espn.com/nba/game?gameId=401070693
1067;MIL;http://www.espn.com/nba/game?gameId=401070708
1068;MIL;http://www.espn.com/nba/game?gameId=401070723
1069;MIL;http://www.espn.com/nba/game?gameId=401070740
1070;MIL;http://www.espn.com/nba/game?gameId=401070752
1071;MIL;http://www.espn.com/nba/game?gameId=401070762
1072;MIL;http://www.espn.com/nba/game?gameId=401070773
1073;MIL;http://www.espn.com/nba/game?gameId=401070796
1074;MIL;http://www.espn.com/nba/game?gameId=401070814
1075;MIL;http://www.espn.com/nba/game?gameId=401070833
1076;MIL;http://www.espn.com/nba/game?gameId=401070847
1077;MIL;http://www.espn.com/nba/game?gameId=401070856
1078;MIL;http://www.espn.com/nba/game?gameId=401070868
1079;MIL;http://www.espn.com/nba/game?gameId=401070888
1080;MIL;http://www.espn.com/nba/game?gameId=401070904
1081;MIL;http://www.espn.com/nba/game?gameId=401070926
1082;MIL;http://www.espn.com/nba/game?gameId=401070940
1083;MIL;http://www.espn.com/nba/game?gameId=401070956
1084;MIL;http://www.espn.com/nba/game?gameId=401070965
1085;MIL;http://www.espn.com/nba/game?gameId=401070975
1086;MIL;http://www.espn.com/nba/game?gameId=401070991
1087;MIL;http://www.espn.com/nba/game?gameId=401071011
1088;MIL;http://www.espn.com/nba/game?gameId=401071042
1089;MIL;http://www.espn.com/nba/game?gameId=401071058
1090;MIL;http://www.espn.com/nba/game?gameId=401071069
1091;MIL;http://www.espn.com/nba/game?gameId=401071076
1092;MIL;http://www.espn.com/nba/game?gameId=401071088
1093;MIL;http://www.espn.com/nba/game?gameId=401071104
1094;MIL;http://www.espn.com/nba/game?gameId=401071124
1095;MIL;http://www.espn.com/nba/game?gameId=401071143
1096;MIL;http://www.espn.com/nba/game?gameId=401071154
1097;MIL;http://www.espn.com/nba/game?gameId=401071163
1098;MIL;http://www.espn.com/nba/game?gameId=401070233
1099;MIL;http://www.espn.com/nba/game?gameId=401071189
1100;MIL;http://www.espn.com/nba/game?gameId=401071203
1101;MIL;http://www.espn.com/nba/game?gameId=401071226
1102;MIL;http://www.espn.com/nba/game?gameId=401071248
1103;MIL;http://www.espn.com/nba/game?gameId=401071256
1104;MIL;http://www.espn.com/nba/game?gameId=401071270
1105;MIL;http://www.espn.com/nba/game?gameId=401071286
1106;MIL;http://www.espn.com/nba/game?gameId=401071298
1107;MIL;http://www.espn.com/nba/game?gameId=401071316
1108;MIL;http://www.espn.com/nba/game?gameId=401071330
1109;MIL;http://www.espn.com/nba/game?gameId=401071336
1110;MIL;http://www.espn.com/nba/game?gameId=401071358
1111;MIL;http://www.espn.com/nba/game?gameId=401071370
1112;MIL;http://www.espn.com/nba/game?gameId=401071400
1113;MIL;http://www.espn.com/nba/game?gameId=401071410
1114;MIL;http://www.espn.com/nba/game?gameId=401071423
1115;MIL;http://www.espn.com/nba/game?gameId=401071439
1116;MIL;http://www.espn.com/nba/game?gameId=401071451
1117;MIL;http://www.espn.com/nba/game?gameId=401071465
1118;MIL;http://www.espn.com/nba/game?gameId=401071479
1119;MIL;http://www.espn.com/nba/game?gameId=401071494
1120;MIL;http://www.espn.com/nba/game?gameId=401071506
1121;MIL;http://www.espn.com/nba/game?gameId=401071516
1122;MIL;http://www.espn.com/nba/game?gameId=401071527
1123;MIL;http://www.espn.com/nba/game?gameId=401071543
1124;MIL;http://www.espn.com/nba/game?gameId=401071564
1125;MIL;http://www.espn.com/nba/game?gameId=401071575
1126;MIL;http://www.espn.com/nba/game?gameId=401071593
1127;MIL;http://www.espn.com/nba/game?gameId=401071607
1128;MIL;http://www.espn.com/nba/game?gameId=401071616
1129;MIL;http://www.espn.com/nba/game?gameId=401071628
1130;MIL;http://www.espn.com/nba/game?gameId=401071648
1131;MIL;http://www.espn.com/nba/game?gameId=401071663
1132;MIL;http://www.espn.com/nba/game?gameId=401071672
1133;MIL;http://www.espn.com/nba/game?gameId=401071683
1134;MIL;http://www.espn.com/nba/game?gameId=401071702
1135;MIL;http://www.espn.com/nba/game?gameId=401071717
1136;MIL;http://www.espn.com/nba/game?gameId=401071734
1137;MIL;http://www.espn.com/nba/game?gameId=401071738
1138;MIL;http://www.espn.com/nba/game?gameId=401071758
1139;MIL;http://www.espn.com/nba/game?gameId=401071769
1140;MIL;http://www.espn.com/nba/game?gameId=401071784
1141;MIL;http://www.espn.com/nba/game?gameId=401071800
1142;MIL;http://www.espn.com/nba/game?gameId=401071818
1143;MIL;http://www.espn.com/nba/game?gameId=401071827
1144;MIL;http://www.espn.com/nba/game?gameId=401071850
1145;MIL;http://www.espn.com/nba/game?gameId=401071866
1146;MIL;http://www.espn.com/nba/game?gameId=401071875
1147;MIL;http://www.espn.com/nba/game?gameId=401071899
1148;DEN;http://www.espn.com/nba/game?gameId=401070701
1149;DEN;http://www.espn.com/nba/game?gameId=401070716
1150;DEN;http://www.espn.com/nba/game?gameId=401070720
1151;DEN;http://www.espn.com/nba/game?gameId=401070732
1152;DEN;http://www.espn.com/nba/game?gameId=401070747
1153;DEN;http://www.espn.com/nba/game?gameId=401070776
1154;DEN;http://www.espn.com/nba/game?gameId=401070787
1155;DEN;http://www.espn.com/nba/game?gameId=401070793
1156;DEN;http://www.espn.com/nba/game?gameId=401070812
1157;DEN;http://www.espn.com/nba/game?gameId=401070826
1158;DEN;http://www.espn.com/nba/game?gameId=401070839
1159;DEN;http://www.espn.com/nba/game?gameId=401070852
1160;DEN;http://www.espn.com/nba/game?gameId=401070868
1161;DEN;http://www.espn.com/nba/game?gameId=401070881
1162;DEN;http://www.espn.com/nba/game?gameId=401070895
1163;DEN;http://www.espn.com/nba/game?gameId=401070909
1164;DEN;http://www.espn.com/nba/game?gameId=401070926
1165;DEN;http://www.espn.com/nba/game?gameId=401070941
1166;DEN;http://www.espn.com/nba/game?gameId=401070957
1167;DEN;http://www.espn.com/nba/game?gameId=401070963
1168;DEN;http://www.espn.com/nba/game?gameId=401070985
1169;DEN;http://www.espn.com/nba/game?gameId=401071010
1170;DEN;http://www.espn.com/nba/game?gameId=401071028
1171;DEN;http://www.espn.com/nba/game?gameId=401071037
1172;DEN;http://www.espn.com/nba/game?gameId=401071049
1173;DEN;http://www.espn.com/nba/game?gameId=401071061
1174;DEN;http://www.espn.com/nba/game?gameId=401071079
1175;DEN;http://www.espn.com/nba/game?gameId=401071107
1176;DEN;http://www.espn.com/nba/game?gameId=401071123
1177;DEN;http://www.espn.com/nba/game?gameId=401071135
1178;DEN;http://www.espn.com/nba/game?gameId=401071160
1179;DEN;http://www.espn.com/nba/game?gameId=401071186
1180;DEN;http://www.espn.com/nba/game?gameId=401071200
1181;DEN;http://www.espn.com/nba/game?gameId=401071209
1182;DEN;http://www.espn.com/nba/game?gameId=401071227
1183;DEN;http://www.espn.com/nba/game?gameId=401071240
1184;DEN;http://www.espn.com/nba/game?gameId=401071252
1185;DEN;http://www.espn.com/nba/game?gameId=401071269
1186;DEN;http://www.espn.com/nba/game?gameId=401071277
1187;DEN;http://www.espn.com/nba/game?gameId=401071294
1188;DEN;http://www.espn.com/nba/game?gameId=401071311
1189;DEN;http://www.espn.com/nba/game?gameId=401071319
1190;DEN;http://www.espn.com/nba/game?gameId=401071331
1191;DEN;http://www.espn.com/nba/game?gameId=401071345
1192;DEN;http://www.espn.com/nba/game?gameId=401071363
1193;DEN;http://www.espn.com/nba/game?gameId=401071388
1194;DEN;http://www.espn.com/nba/game?gameId=401071401
1195;DEN;http://www.espn.com/nba/game?gameId=401071406
1196;DEN;http://www.espn.com/nba/game?gameId=401071420
1197;DEN;http://www.espn.com/nba/game?gameId=401071434
1198;DEN;http://www.espn.com/nba/game?gameId=401071447
1199;DEN;http://www.espn.com/nba/game?gameId=401071456
1200;DEN;http://www.espn.com/nba/game?gameId=401071463
1201;DEN;http://www.espn.com/nba/game?gameId=401071477
1202;DEN;http://www.espn.com/nba/game?gameId=401071491
1203;DEN;http://www.espn.com/nba/game?gameId=401071520
1204;DEN;http://www.espn.com/nba/game?gameId=401071533
1205;DEN;http://www.espn.com/nba/game?gameId=401071553
1206;DEN;http://www.espn.com/nba/game?gameId=401071568
1207;DEN;http://www.espn.com/nba/game?gameId=401071583
1208;DEN;http://www.espn.com/nba/game?gameId=401071599
1209;DEN;http://www.espn.com/nba/game?gameId=401071614
1210;DEN;http://www.espn.com/nba/game?gameId=401071627
1211;DEN;http://www.espn.com/nba/game?gameId=401071647
1212;DEN;http://www.espn.com/nba/game?gameId=401071657
1213;DEN;http://www.espn.com/nba/game?gameId=401071685
1214;DEN;http://www.espn.com/nba/game?gameId=401071698
1215;DEN;http://www.espn.com/nba/game?gameId=401071713
1216;DEN;http://www.espn.com/nba/game?gameId=401071725
1217;DEN;http://www.espn.com/nba/game?gameId=401071748
1218;DEN;http://www.espn.com/nba/game?gameId=401071755
1219;DEN;http://www.espn.com/nba/game?gameId=401071770
1220;DEN;http://www.espn.com/nba/game?gameId=401071788
1221;DEN;http://www.espn.com/nba/game?gameId=401071799
1222;DEN;http://www.espn.com/nba/game?gameId=401071806
1223;DEN;http://www.espn.com/nba/game?gameId=401071822
1224;DEN;http://www.espn.com/nba/game?gameId=401071837
1225;DEN;http://www.espn.com/nba/game?gameId=401071846
1226;DEN;http://www.espn.com/nba/game?gameId=401071863
1227;DEN;http://www.espn.com/nba/game?gameId=401071879
1228;DEN;http://www.espn.com/nba/game?gameId=401071890
1229;DEN;http://www.espn.com/nba/game?gameId=401071901
1230;PHO;http://www.espn.com/nba/game?gameId=401070216
1231;PHO;http://www.espn.com/nba/game?gameId=401070716
1232;PHO;http://www.espn.com/nba/game?gameId=401070728
1233;PHO;http://www.espn.com/nba/game?gameId=401070741
1234;PHO;http://www.espn.com/nba/game?gameId=401070761
1235;PHO;http://www.espn.com/nba/game?gameId=401070766
1236;PHO;http://www.espn.com/nba/game?gameId=401070791
1237;PHO;http://www.espn.com/nba/game?gameId=401070804
1238;PHO;http://www.espn.com/nba/game?gameId=401070818
1239;PHO;http://www.espn.com/nba/game?gameId=401070832
1240;PHO;http://www.espn.com/nba/game?gameId=401070845
1241;PHO;http://www.espn.com/nba/game?gameId=401070857
1242;PHO;http://www.espn.com/nba/game?gameId=401070877
1243;PHO;http://www.espn.com/nba/game?gameId=401070892
1244;PHO;http://www.espn.com/nba/game?gameId=401070914
1245;PHO;http://www.espn.com/nba/game?gameId=401070923
1246;PHO;http://www.espn.com/nba/game?gameId=401070938
1247;PHO;http://www.espn.com/nba/game?gameId=401070956
1248;PHO;http://www.espn.com/nba/game?gameId=401070968
1249;PHO;http://www.espn.com/nba/game?gameId=401070986
1250;PHO;http://www.espn.com/nba/game?gameId=401070996
1251;PHO;http://www.espn.com/nba/game?gameId=401071008
1252;PHO;http://www.espn.com/nba/game?gameId=401071018
1253;PHO;http://www.espn.com/nba/game?gameId=401071034
1254;PHO;http://www.espn.com/nba/game?gameId=401071047
1255;PHO;http://www.espn.com/nba/game?gameId=401071057
1256;PHO;http://www.espn.com/nba/game?gameId=401071080
1257;PHO;http://www.espn.com/nba/game?gameId=401071084
1258;PHO;http://www.espn.com/nba/game?gameId=401071100
1259;PHO;http://www.espn.com/nba/game?gameId=401071116
1260;PHO;http://www.espn.com/nba/game?gameId=401071125
1261;PHO;http://www.espn.com/nba/game?gameId=401071139
1262;PHO;http://www.espn.com/nba/game?gameId=401071161
1263;PHO;http://www.espn.com/nba/game?gameId=401071170
1264;PHO;http://www.espn.com/nba/game?gameId=401071179
1265;PHO;http://www.espn.com/nba/game?gameId=401071201
1266;PHO;http://www.espn.com/nba/game?gameId=401071209
1267;PHO;http://www.espn.com/nba/game?gameId=401071224
1268;PHO;http://www.espn.com/nba/game?gameId=401071237
1269;PHO;http://www.espn.com/nba/game?gameId=401071249
1270;PHO;http://www.espn.com/nba/game?gameId=401071266
1271;PHO;http://www.espn.com/nba/game?gameId=401071280
1272;PHO;http://www.espn.com/nba/game?gameId=401071289
1273;PHO;http://www.espn.com/nba/game?gameId=401071311
1274;PHO;http://www.espn.com/nba/game?gameId=401071327
1275;PHO;http://www.espn.com/nba/game?gameId=401071344
1276;PHO;http://www.espn.com/nba/game?gameId=401071355
1277;PHO;http://www.espn.com/nba/game?gameId=401071365
1278;PHO;http://www.espn.com/nba/game?gameId=401071378
1279;PHO;http://www.espn.com/nba/game?gameId=401071391
1280;PHO;http://www.espn.com/nba/game?gameId=401071401
1281;PHO;http://www.espn.com/nba/game?gameId=401071416
1282;PHO;http://www.espn.com/nba/game?gameId=401071427
1283;PHO;http://www.espn.com/nba/game?gameId=401071457
1284;PHO;http://www.espn.com/nba/game?gameId=401071467
1285;PHO;http://www.espn.com/nba/game?gameId=401071481
1286;PHO;http://www.espn.com/nba/game?gameId=401071495
1287;PHO;http://www.espn.com/nba/game?gameId=401071509
1288;PHO;http://www.espn.com/nba/game?gameId=401071536
1289;PHO;http://www.espn.com/nba/game?gameId=401071540
1290;PHO;http://www.espn.com/nba/game?gameId=401071556
1291;PHO;http://www.espn.com/nba/game?gameId=401071574
1292;PHO;http://www.espn.com/nba/game?gameId=401071605
1293;PHO;http://www.espn.com/nba/game?gameId=401071615
1294;PHO;http://www.espn.com/nba/game?gameId=401071628
1295;PHO;http://www.espn.com/nba/game?gameId=401071645
1296;PHO;http://www.espn.com/nba/game?gameId=401071664
1297;PHO;http://www.espn.com/nba/game?gameId=401071673
1298;PHO;http://www.espn.com/nba/game?gameId=401071692
1299;PHO;http://www.espn.com/nba/game?gameId=401071703
1300;PHO;http://www.espn.com/nba/game?gameId=401071709
1301;PHO;http://www.espn.com/nba/game?gameId=401071730
1302;PHO;http://www.espn.com/nba/game?gameId=401071750
1303;PHO;http://www.espn.com/nba/game?gameId=401071767
1304;PHO;http://www.espn.com/nba/game?gameId=401071778
1305;PHO;http://www.espn.com/nba/game?gameId=401071793
1306;PHO;http://www.espn.com/nba/game?gameId=401071817
1307;PHO;http://www.espn.com/nba/game?gameId=401071833
1308;PHO;http://www.espn.com/nba/game?gameId=401071847
1309;PHO;http://www.espn.com/nba/game?gameId=401071862
1310;PHO;http://www.espn.com/nba/game?gameId=401071874
1311;PHO;http://www.espn.com/nba/game?gameId=401071889
1312;CHI;http://www.espn.com/nba/game?gameId=401070217
1313;CHI;http://www.espn.com/nba/game?gameId=401070714
1314;CHI;http://www.espn.com/nba/game?gameId=401070725
1315;CHI;http://www.espn.com/nba/game?gameId=401070737
1316;CHI;http://www.espn.com/nba/game?gameId=401070748
1317;CHI;http://www.espn.com/nba/game?gameId=401070757
1318;CHI;http://www.espn.com/nba/game?gameId=401070772
1319;CHI;http://www.espn.com/nba/game?gameId=401070787
1320;CHI;http://www.espn.com/nba/game?gameId=401070801
1321;CHI;http://www.espn.com/nba/game?gameId=401070810
1322;CHI;http://www.espn.com/nba/game?gameId=401070824
1323;CHI;http://www.espn.com/nba/game?gameId=401070840
1324;CHI;http://www.espn.com/nba/game?gameId=401070859
1325;CHI;http://www.espn.com/nba/game?gameId=401070874
1326;CHI;http://www.espn.com/nba/game?gameId=401070885
1327;CHI;http://www.espn.com/nba/game?gameId=401070904
1328;CHI;http://www.espn.com/nba/game?gameId=401070911
1329;CHI;http://www.espn.com/nba/game?gameId=401070938
1330;CHI;http://www.espn.com/nba/game?gameId=401070954
1331;CHI;http://www.espn.com/nba/game?gameId=401070962
1332;CHI;http://www.espn.com/nba/game?gameId=401070978
1333;CHI;http://www.espn.com/nba/game?gameId=401070991
1334;CHI;http://www.espn.com/nba/game?gameId=401071002
1335;CHI;http://www.espn.com/nba/game?gameId=401071015
1336;CHI;http://www.espn.com/nba/game?gameId=401071031
1337;CHI;http://www.espn.com/nba/game?gameId=401071054
1338;CHI;http://www.espn.com/nba/game?gameId=401071064
1339;CHI;http://www.espn.com/nba/game?gameId=401071075
1340;CHI;http://www.espn.com/nba/game?gameId=401071099
1341;CHI;http://www.espn.com/nba/game?gameId=401071114
1342;CHI;http://www.espn.com/nba/game?gameId=401071128
1343;CHI;http://www.espn.com/nba/game?gameId=401071141
1344;CHI;http://www.espn.com/nba/game?gameId=401071155
1345;CHI;http://www.espn.com/nba/game?gameId=401071171
1346;CHI;http://www.espn.com/nba/game?gameId=401071183
1347;CHI;http://www.espn.com/nba/game?gameId=401071196
1348;CHI;http://www.espn.com/nba/game?gameId=401071214
1349;CHI;http://www.espn.com/nba/game?gameId=401071235
1350;CHI;http://www.espn.com/nba/game?gameId=401071245
1351;CHI;http://www.espn.com/nba/game?gameId=401071260
1352;CHI;http://www.espn.com/nba/game?gameId=401071291
1353;CHI;http://www.espn.com/nba/game?gameId=401071305
1354;CHI;http://www.espn.com/nba/game?gameId=401071312
1355;CHI;http://www.espn.com/nba/game?gameId=401071332
1356;CHI;http://www.espn.com/nba/game?gameId=401071345
1357;CHI;http://www.espn.com/nba/game?gameId=401071361
1358;CHI;http://www.espn.com/nba/game?gameId=401071368
1359;CHI;http://www.espn.com/nba/game?gameId=401071385
1360;CHI;http://www.espn.com/nba/game?gameId=401071396
1361;CHI;http://www.espn.com/nba/game?gameId=401071408
1362;CHI;http://www.espn.com/nba/game?gameId=401071425
1363;CHI;http://www.espn.com/nba/game?gameId=401071430
1364;CHI;http://www.espn.com/nba/game?gameId=401071449
1365;CHI;http://www.espn.com/nba/game?gameId=401071478
1366;CHI;http://www.espn.com/nba/game?gameId=401071493
1367;CHI;http://www.espn.com/nba/game?gameId=401071503
1368;CHI;http://www.espn.com/nba/game?gameId=401071516
1369;CHI;http://www.espn.com/nba/game?gameId=401071531
1370;CHI;http://www.espn.com/nba/game?gameId=401071548
1371;CHI;http://www.espn.com/nba/game?gameId=401071562
1372;CHI;http://www.espn.com/nba/game?gameId=401071575
1373;CHI;http://www.espn.com/nba/game?gameId=401071589
1374;CHI;http://www.espn.com/nba/game?gameId=401071601
1375;CHI;http://www.espn.com/nba/game?gameId=401071619
1376;CHI;http://www.espn.com/nba/game?gameId=401071632
1377;CHI;http://www.espn.com/nba/game?gameId=401071643
1378;CHI;http://www.espn.com/nba/game?gameId=401071653
1379;CHI;http://www.espn.com/nba/game?gameId=401071665
1380;CHI;http://www.espn.com/nba/game?gameId=401071682
1381;CHI;http://www.espn.com/nba/game?gameId=401071706
1382;CHI;http://www.espn.com/nba/game?gameId=401071720
1383;CHI;http://www.espn.com/nba/game?gameId=401071730
1384;CHI;http://www.espn.com/nba/game?gameId=401071742
1385;CHI;http://www.espn.com/nba/game?gameId=401071763
1386;CHI;http://www.espn.com/nba/game?gameId=401071783
1387;CHI;http://www.espn.com/nba/game?gameId=401071790
1388;CHI;http://www.espn.com/nba/game?gameId=401071815
1389;CHI;http://www.espn.com/nba/game?gameId=401071828
1390;CHI;http://www.espn.com/nba/game?gameId=401071840
1391;CHI;http://www.espn.com/nba/game?gameId=401071867
1392;CHI;http://www.espn.com/nba/game?gameId=401071886
1393;CHI;http://www.espn.com/nba/game?gameId=401071897
1394;CHA;http://www.espn.com/nba/game?gameId=401070693
1395;CHA;http://www.espn.com/nba/game?gameId=401070703
1396;CHA;http://www.espn.com/nba/game?gameId=401070713
1397;CHA;http://www.espn.com/nba/game?gameId=401070722
1398;CHA;http://www.espn.com/nba/game?gameId=401070737
1399;CHA;http://www.espn.com/nba/game?gameId=401070748
1400;CHA;http://www.espn.com/nba/game?gameId=401070759
1401;CHA;http://www.espn.com/nba/game?gameId=401070777
1402;CHA;http://www.espn.com/nba/game?gameId=401070792
1403;CHA;http://www.espn.com/nba/game?gameId=401070807
1404;CHA;http://www.espn.com/nba/game?gameId=401070830
1405;CHA;http://www.espn.com/nba/game?gameId=401070849
1406;CHA;http://www.espn.com/nba/game?gameId=401070865
1407;CHA;http://www.espn.com/nba/game?gameId=401070880
1408;CHA;http://www.espn.com/nba/game?gameId=401070906
1409;CHA;http://www.espn.com/nba/game?gameId=401070920
1410;CHA;http://www.espn.com/nba/game?gameId=401070933
1411;CHA;http://www.espn.com/nba/game?gameId=401070955
1412;CHA;http://www.espn.com/nba/game?gameId=401070969
1413;CHA;http://www.espn.com/nba/game?gameId=401070975
1414;CHA;http://www.espn.com/nba/game?gameId=401070987
1415;CHA;http://www.espn.com/nba/game?gameId=401071001
1416;CHA;http://www.espn.com/nba/game?gameId=401071019
1417;CHA;http://www.espn.com/nba/game?gameId=401071043
1418;CHA;http://www.espn.com/nba/game?gameId=401071049
1419;CHA;http://www.espn.com/nba/game?gameId=401071071
1420;CHA;http://www.espn.com/nba/game?gameId=401071086
1421;CHA;http://www.espn.com/nba/game?gameId=401071102
1422;CHA;http://www.espn.com/nba/game?gameId=401071111
1423;CHA;http://www.espn.com/nba/game?gameId=401071136
1424;CHA;http://www.espn.com/nba/game?gameId=401071150
1425;CHA;http://www.espn.com/nba/game?gameId=401071169
1426;CHA;http://www.espn.com/nba/game?gameId=401071181
1427;CHA;http://www.espn.com/nba/game?gameId=401071193
1428;CHA;http://www.espn.com/nba/game?gameId=401071204
1429;CHA;http://www.espn.com/nba/game?gameId=401071219
1430;CHA;http://www.espn.com/nba/game?gameId=401071230
1431;CHA;http://www.espn.com/nba/game?gameId=401071252
1432;CHA;http://www.espn.com/nba/game?gameId=401071266
1433;CHA;http://www.espn.com/nba/game?gameId=401071282
1434;CHA;http://www.espn.com/nba/game?gameId=401071304
1435;CHA;http://www.espn.com/nba/game?gameId=401071313
1436;CHA;http://www.espn.com/nba/game?gameId=401071323
1437;CHA;http://www.espn.com/nba/game?gameId=401071342
1438;CHA;http://www.espn.com/nba/game?gameId=401071355
1439;CHA;http://www.espn.com/nba/game?gameId=401071364
1440;CHA;http://www.espn.com/nba/game?gameId=401071386
1441;CHA;http://www.espn.com/nba/game?gameId=401071400
1442;CHA;http://www.espn.com/nba/game?gameId=401071417
1443;CHA;http://www.espn.com/nba/game?gameId=401071429
1444;CHA;http://www.espn.com/nba/game?gameId=401071443
1445;CHA;http://www.espn.com/nba/game?gameId=401071449
1446;CHA;http://www.espn.com/nba/game?gameId=401071469
1447;CHA;http://www.espn.com/nba/game?gameId=401071480
1448;CHA;http://www.espn.com/nba/game?gameId=401071500
1449;CHA;http://www.espn.com/nba/game?gameId=401071514
1450;CHA;http://www.espn.com/nba/game?gameId=401071537
1451;CHA;http://www.espn.com/nba/game?gameId=401071546
1452;CHA;http://www.espn.com/nba/game?gameId=401071557
1453;CHA;http://www.espn.com/nba/game?gameId=401071570
1454;CHA;http://www.espn.com/nba/game?gameId=401071584
1455;CHA;http://www.espn.com/nba/game?gameId=401071602
1456;CHA;http://www.espn.com/nba/game?gameId=401071617
1457;CHA;http://www.espn.com/nba/game?gameId=401071638
1458;CHA;http://www.espn.com/nba/game?gameId=401071650
1459;CHA;http://www.espn.com/nba/game?gameId=401071663
1460;CHA;http://www.espn.com/nba/game?gameId=401071677
1461;CHA;http://www.espn.com/nba/game?gameId=401071701
1462;CHA;http://www.espn.com/nba/game?gameId=401071716
1463;CHA;http://www.espn.com/nba/game?gameId=401071732
1464;CHA;http://www.espn.com/nba/game?gameId=401071747
1465;CHA;http://www.espn.com/nba/game?gameId=401071760
1466;CHA;http://www.espn.com/nba/game?gameId=401071771
1467;CHA;http://www.espn.com/nba/game?gameId=401071780
1468;CHA;http://www.espn.com/nba/game?gameId=401071808
1469;CHA;http://www.espn.com/nba/game?gameId=401071823
1470;CHA;http://www.espn.com/nba/game?gameId=401071832
1471;CHA;http://www.espn.com/nba/game?gameId=401071844
1472;CHA;http://www.espn.com/nba/game?gameId=401071853
1473;CHA;http://www.espn.com/nba/game?gameId=401071871
1474;CHA;http://www.espn.com/nba/game?gameId=401071882
1475;CHA;http://www.espn.com/nba/game?gameId=401071895
1476;LAL;http://www.espn.com/nba/game?gameId=401070218
1477;LAL;http://www.espn.com/nba/game?gameId=401070222
1478;LAL;http://www.espn.com/nba/game?gameId=401070729
1479;LAL;http://www.espn.com/nba/game?gameId=401070741
1480;LAL;http://www.espn.com/nba/game?gameId=401070747
1481;LAL;http://www.espn.com/nba/game?gameId=401070763
1482;LAL;http://www.espn.com/nba/game?gameId=401070774
1483;LAL;http://www.espn.com/nba/game?gameId=401070790
1484;LAL;http://www.espn.com/nba/game?gameId=401070813
1485;LAL;http://www.espn.com/nba/game?gameId=401070820
1486;LAL;http://www.espn.com/nba/game?gameId=401070843
1487;LAL;http://www.espn.com/nba/game?gameId=401070864
1488;LAL;http://www.espn.com/nba/game?gameId=401070870
1489;LAL;http://www.espn.com/nba/game?gameId=401070893
1490;LAL;http://www.espn.com/nba/game?gameId=401070908
1491;LAL;http://www.espn.com/nba/game?gameId=401070916
1492;LAL;http://www.espn.com/nba/game?gameId=401070937
1493;LAL;http://www.espn.com/nba/game?gameId=401070959
1494;LAL;http://www.espn.com/nba/game?gameId=401070967
1495;LAL;http://www.espn.com/nba/game?gameId=401070985
1496;LAL;http://www.espn.com/nba/game?gameId=401070998
1497;LAL;http://www.espn.com/nba/game?gameId=401071009
1498;LAL;http://www.espn.com/nba/game?gameId=401071018
1499;LAL;http://www.espn.com/nba/game?gameId=401071045
1500;LAL;http://www.espn.com/nba/game?gameId=401071056
1501;LAL;http://www.espn.com/nba/game?gameId=401071065
1502;LAL;http://www.espn.com/nba/game?gameId=401071082
1503;LAL;http://www.espn.com/nba/game?gameId=401071097
1504;LAL;http://www.espn.com/nba/game?gameId=401071111
1505;LAL;http://www.espn.com/nba/game?gameId=401071120
1506;LAL;http://www.espn.com/nba/game?gameId=401071134
1507;LAL;http://www.espn.com/nba/game?gameId=401071159
1508;LAL;http://www.espn.com/nba/game?gameId=401071177
1509;LAL;http://www.espn.com/nba/game?gameId=401070236
1510;LAL;http://www.espn.com/nba/game?gameId=401071190
1511;LAL;http://www.espn.com/nba/game?gameId=401071202
1512;LAL;http://www.espn.com/nba/game?gameId=401071217
1513;LAL;http://www.espn.com/nba/game?gameId=401071238
1514;LAL;http://www.espn.com/nba/game?gameId=401071250
1515;LAL;http://www.espn.com/nba/game?gameId=401071261
1516;LAL;http://www.espn.com/nba/game?gameId=401071272
1517;LAL;http://www.espn.com/nba/game?gameId=401071292
1518;LAL;http://www.espn.com/nba/game?gameId=401071303
1519;LAL;http://www.espn.com/nba/game?gameId=401071320
1520;LAL;http://www.espn.com/nba/game?gameId=401071332
1521;LAL;http://www.espn.com/nba/game?gameId=401071346
1522;LAL;http://www.espn.com/nba/game?gameId=401071362
1523;LAL;http://www.espn.com/nba/game?gameId=401070240
1524;LAL;http://www.espn.com/nba/game?gameId=401071392
1525;LAL;http://www.espn.com/nba/game?gameId=401071416
1526;LAL;http://www.espn.com/nba/game?gameId=401071428
1527;LAL;http://www.espn.com/nba/game?gameId=401071442
1528;LAL;http://www.espn.com/nba/game?gameId=401071455
1529;LAL;http://www.espn.com/nba/game?gameId=401071471
1530;LAL;http://www.espn.com/nba/game?gameId=401071487
1531;LAL;http://www.espn.com/nba/game?gameId=401071508
1532;LAL;http://www.espn.com/nba/game?gameId=401071521
1533;LAL;http://www.espn.com/nba/game?gameId=401071545
1534;LAL;http://www.espn.com/nba/game?gameId=401071560
1535;LAL;http://www.espn.com/nba/game?gameId=401071577
1536;LAL;http://www.espn.com/nba/game?gameId=401071594
1537;LAL;http://www.espn.com/nba/game?gameId=401071607
1538;LAL;http://www.espn.com/nba/game?gameId=401071615
1539;LAL;http://www.espn.com/nba/game?gameId=401071631
1540;LAL;http://www.espn.com/nba/game?gameId=401071647
1541;LAL;http://www.espn.com/nba/game?gameId=401071662
1542;LAL;http://www.espn.com/nba/game?gameId=401071682
1543;LAL;http://www.espn.com/nba/game?gameId=401071696
1544;LAL;http://www.espn.com/nba/game?gameId=401071699
1545;LAL;http://www.espn.com/nba/game?gameId=401071715
1546;LAL;http://www.espn.com/nba/game?gameId=401071734
1547;LAL;http://www.espn.com/nba/game?gameId=401071759
1548;LAL;http://www.espn.com/nba/game?gameId=401071775
1549;LAL;http://www.espn.com/nba/game?gameId=401071789
1550;LAL;http://www.espn.com/nba/game?gameId=401071794
1551;LAL;http://www.espn.com/nba/game?gameId=401071808
1552;LAL;http://www.espn.com/nba/game?gameId=401071820
1553;LAL;http://www.espn.com/nba/game?gameId=401071834
1554;LAL;http://www.espn.com/nba/game?gameId=401071852
1555;LAL;http://www.espn.com/nba/game?gameId=401071865
1556;LAL;http://www.espn.com/nba/game?gameId=401071881
1557;LAL;http://www.espn.com/nba/game?gameId=401071892
1558;WAS;http://www.espn.com/nba/game?gameId=401070702
1559;WAS;http://www.espn.com/nba/game?gameId=401070221
1560;WAS;http://www.espn.com/nba/game?gameId=401070727
1561;WAS;http://www.espn.com/nba/game?gameId=401070743
1562;WAS;http://www.espn.com/nba/game?gameId=401070754
1563;WAS;http://www.espn.com/nba/game?gameId=401070767
1564;WAS;http://www.espn.com/nba/game?gameId=401070783
1565;WAS;http://www.espn.com/nba/game?gameId=401070800
1566;WAS;http://www.espn.com/nba/game?gameId=401070816
1567;WAS;http://www.espn.com/nba/game?gameId=401070831
1568;WAS;http://www.espn.com/nba/game?gameId=401070848
1569;WAS;http://www.espn.com/nba/game?gameId=401070858
1570;WAS;http://www.espn.com/nba/game?gameId=401070871
1571;WAS;http://www.espn.com/nba/game?gameId=401070884
1572;WAS;http://www.espn.com/nba/game?gameId=401070900
1573;WAS;http://www.espn.com/nba/game?gameId=401070918
1574;WAS;http://www.espn.com/nba/game?gameId=401070930
1575;WAS;http://www.espn.com/nba/game?gameId=401070952
1576;WAS;http://www.espn.com/nba/game?gameId=401070961
1577;WAS;http://www.espn.com/nba/game?gameId=401070977
1578;WAS;http://www.espn.com/nba/game?gameId=401070993
1579;WAS;http://www.espn.com/nba/game?gameId=401071003
1580;WAS;http://www.espn.com/nba/game?gameId=401071013
1581;WAS;http://www.espn.com/nba/game?gameId=401071027
1582;WAS;http://www.espn.com/nba/game?gameId=401071038
1583;WAS;http://www.espn.com/nba/game?gameId=401071062
1584;WAS;http://www.espn.com/nba/game?gameId=401071072
1585;WAS;http://www.espn.com/nba/game?gameId=401071090
1586;WAS;http://www.espn.com/nba/game?gameId=401071103
1587;WAS;http://www.espn.com/nba/game?gameId=401071120
1588;WAS;http://www.espn.com/nba/game?gameId=401071133
1589;WAS;http://www.espn.com/nba/game?gameId=401071142
1590;WAS;http://www.espn.com/nba/game?gameId=401071161
1591;WAS;http://www.espn.com/nba/game?gameId=401071168
1592;WAS;http://www.espn.com/nba/game?gameId=401071178
1593;WAS;http://www.espn.com/nba/game?gameId=401071196
1594;WAS;http://www.espn.com/nba/game?gameId=401071204
1595;WAS;http://www.espn.com/nba/game?gameId=401071232
1596;WAS;http://www.espn.com/nba/game?gameId=401071244
1597;WAS;http://www.espn.com/nba/game?gameId=401071264
1598;WAS;http://www.espn.com/nba/game?gameId=401071276
1599;WAS;http://www.espn.com/nba/game?gameId=401071284
1600;WAS;http://www.espn.com/nba/game?gameId=401071298
1601;WAS;http://www.espn.com/nba/game?gameId=401071315
1602;WAS;http://www.espn.com/nba/game?gameId=401071341
1603;WAS;http://www.espn.com/nba/game?gameId=401071369
1604;WAS;http://www.espn.com/nba/game?gameId=401071389
1605;WAS;http://www.espn.com/nba/game?gameId=401071393
1606;WAS;http://www.espn.com/nba/game?gameId=401071414
1607;WAS;http://www.espn.com/nba/game?gameId=401071422
1608;WAS;http://www.espn.com/nba/game?gameId=401071432
1609;WAS;http://www.espn.com/nba/game?gameId=401071451
1610;WAS;http://www.espn.com/nba/game?gameId=401071464
1611;WAS;http://www.espn.com/nba/game?gameId=401071479
1612;WAS;http://www.espn.com/nba/game?gameId=401071492
1613;WAS;http://www.espn.com/nba/game?gameId=401071503
1614;WAS;http://www.espn.com/nba/game?gameId=401071513
1615;WAS;http://www.espn.com/nba/game?gameId=401071530
1616;WAS;http://www.espn.com/nba/game?gameId=401071546
1617;WAS;http://www.espn.com/nba/game?gameId=401071559
1618;WAS;http://www.espn.com/nba/game?gameId=401071587
1619;WAS;http://www.espn.com/nba/game?gameId=401071604
1620;WAS;http://www.espn.com/nba/game?gameId=401071623
1621;WAS;http://www.espn.com/nba/game?gameId=401071640
1622;WAS;http://www.espn.com/nba/game?gameId=401071650
1623;WAS;http://www.espn.com/nba/game?gameId=401071661
1624;WAS;http://www.espn.com/nba/game?gameId=401071675
1625;WAS;http://www.espn.com/nba/game?gameId=401071688
1626;WAS;http://www.espn.com/nba/game?gameId=401071701
1627;WAS;http://www.espn.com/nba/game?gameId=401071708
1628;WAS;http://www.espn.com/nba/game?gameId=401071724
1629;WAS;http://www.espn.com/nba/game?gameId=401071742
1630;WAS;http://www.espn.com/nba/game?gameId=401071748
1631;WAS;http://www.espn.com/nba/game?gameId=401071761
1632;WAS;http://www.espn.com/nba/game?gameId=401071789
1633;WAS;http://www.espn.com/nba/game?gameId=401071793
1634;WAS;http://www.espn.com/nba/game?gameId=401071807
1635;WAS;http://www.espn.com/nba/game?gameId=401071822
1636;WAS;http://www.espn.com/nba/game?gameId=401071840
1637;WAS;http://www.espn.com/nba/game?gameId=401071855
1638;WAS;http://www.espn.com/nba/game?gameId=401071877
1639;WAS;http://www.espn.com/nba/game?gameId=401071884
1640;HOU;http://www.espn.com/nba/game?gameId=401070215
1641;HOU;http://www.espn.com/nba/game?gameId=401070222
1642;HOU;http://www.espn.com/nba/game?gameId=401070223
1643;HOU;http://www.espn.com/nba/game?gameId=401070738
1644;HOU;http://www.espn.com/nba/game?gameId=401070751
1645;HOU;http://www.espn.com/nba/game?gameId=401070782
1646;HOU;http://www.espn.com/nba/game?gameId=401070799
1647;HOU;http://www.espn.com/nba/game?gameId=401070810
1648;HOU;http://www.espn.com/nba/game?gameId=401070822
1649;HOU;http://www.espn.com/nba/game?gameId=401070844
1650;HOU;http://www.espn.com/nba/game?gameId=401070861
1651;HOU;http://www.espn.com/nba/game?gameId=401070866
1652;HOU;http://www.espn.com/nba/game?gameId=401070881
1653;HOU;http://www.espn.com/nba/game?gameId=401070894
1654;HOU;http://www.espn.com/nba/game?gameId=401070912
1655;HOU;http://www.espn.com/nba/game?gameId=401070939
1656;HOU;http://www.espn.com/nba/game?gameId=401070948
1657;HOU;http://www.espn.com/nba/game?gameId=401070960
1658;HOU;http://www.espn.com/nba/game?gameId=401070977
1659;HOU;http://www.espn.com/nba/game?gameId=401070990
1660;HOU;http://www.espn.com/nba/game?gameId=401071007
1661;HOU;http://www.espn.com/nba/game?gameId=401071015
1662;HOU;http://www.espn.com/nba/game?gameId=401071029
1663;HOU;http://www.espn.com/nba/game?gameId=401071048
1664;HOU;http://www.espn.com/nba/game?gameId=401071059
1665;HOU;http://www.espn.com/nba/game?gameId=401071083
1666;HOU;http://www.espn.com/nba/game?gameId=401071097
1667;HOU;http://www.espn.com/nba/game?gameId=401071113
1668;HOU;http://www.espn.com/nba/game?gameId=401071126
1669;HOU;http://www.espn.com/nba/game?gameId=401071142
1670;HOU;http://www.espn.com/nba/game?gameId=401071148
1671;HOU;http://www.espn.com/nba/game?gameId=401071164
1672;HOU;http://www.espn.com/nba/game?gameId=401070234
1673;HOU;http://www.espn.com/nba/game?gameId=401071188
1674;HOU;http://www.espn.com/nba/game?gameId=401071205
1675;HOU;http://www.espn.com/nba/game?gameId=401071220
1676;HOU;http://www.espn.com/nba/game?gameId=401071241
1677;HOU;http://www.espn.com/nba/game?gameId=401071258
1678;HOU;http://www.espn.com/nba/game?gameId=401071269
1679;HOU;http://www.espn.com/nba/game?gameId=401071286
1680;HOU;http://www.espn.com/nba/game?gameId=401071301
1681;HOU;http://www.espn.com/nba/game?gameId=401071317
1682;HOU;http://www.espn.com/nba/game?gameId=401071322
1683;HOU;http://www.espn.com/nba/game?gameId=401071335
1684;HOU;http://www.espn.com/nba/game?gameId=401071362
1685;HOU;http://www.espn.com/nba/game?gameId=401070239
1686;HOU;http://www.espn.com/nba/game?gameId=401071383
1687;HOU;http://www.espn.com/nba/game?gameId=401071397
1688;HOU;http://www.espn.com/nba/game?gameId=401071412
1689;HOU;http://www.espn.com/nba/game?gameId=401071426
1690;HOU;http://www.espn.com/nba/game?gameId=401071447
1691;HOU;http://www.espn.com/nba/game?gameId=401071458
1692;HOU;http://www.espn.com/nba/game?gameId=401071467
1693;HOU;http://www.espn.com/nba/game?gameId=401071482
1694;HOU;http://www.espn.com/nba/game?gameId=401071505
1695;HOU;http://www.espn.com/nba/game?gameId=401071517
1696;HOU;http://www.espn.com/nba/game?gameId=401071534
1697;HOU;http://www.espn.com/nba/game?gameId=401071545
1698;HOU;http://www.espn.com/nba/game?gameId=401071565
1699;HOU;http://www.espn.com/nba/game?gameId=401071576
1700;HOU;http://www.espn.com/nba/game?gameId=401071584
1701;HOU;http://www.espn.com/nba/game?gameId=401071598
1702;HOU;http://www.espn.com/nba/game?gameId=401071618
1703;HOU;http://www.espn.com/nba/game?gameId=401071634
1704;HOU;http://www.espn.com/nba/game?gameId=401071654
1705;HOU;http://www.espn.com/nba/game?gameId=401071670
1706;HOU;http://www.espn.com/nba/game?gameId=401071677
1707;HOU;http://www.espn.com/nba/game?gameId=401071691
1708;HOU;http://www.espn.com/nba/game?gameId=401071703
1709;HOU;http://www.espn.com/nba/game?gameId=401071721
1710;HOU;http://www.espn.com/nba/game?gameId=401071733
1711;HOU;http://www.espn.com/nba/game?gameId=401071743
1712;HOU;http://www.espn.com/nba/game?gameId=401071757
1713;HOU;http://www.espn.com/nba/game?gameId=401071772
1714;HOU;http://www.espn.com/nba/game?gameId=401071784
1715;HOU;http://www.espn.com/nba/game?gameId=401071799
1716;HOU;http://www.espn.com/nba/game?gameId=401071811
1717;HOU;http://www.espn.com/nba/game?gameId=401071836
1718;HOU;http://www.espn.com/nba/game?gameId=401071849
1719;HOU;http://www.espn.com/nba/game?gameId=401071857
1720;HOU;http://www.espn.com/nba/game?gameId=401071874
1721;HOU;http://www.espn.com/nba/game?gameId=401071891
1722;SAS;http://www.espn.com/nba/game?gameId=401070699
1723;SAS;http://www.espn.com/nba/game?gameId=401070717
1724;SAS;http://www.espn.com/nba/game?gameId=401070729
1725;SAS;http://www.espn.com/nba/game?gameId=401070739
1726;SAS;http://www.espn.com/nba/game?gameId=401070763
1727;SAS;http://www.espn.com/nba/game?gameId=401070775
1728;SAS;http://www.espn.com/nba/game?gameId=401070791
1729;SAS;http://www.espn.com/nba/game?gameId=401070811
1730;SAS;http://www.espn.com/nba/game?gameId=401070817
1731;SAS;http://www.espn.com/nba/game?gameId=401070837
1732;SAS;http://www.espn.com/nba/game?gameId=401070861
1733;SAS;http://www.espn.com/nba/game?gameId=401070878
1734;SAS;http://www.espn.com/nba/game?gameId=401070892
1735;SAS;http://www.espn.com/nba/game?gameId=401070896
1736;SAS;http://www.espn.com/nba/game?gameId=401070919
1737;SAS;http://www.espn.com/nba/game?gameId=401070927
1738;SAS;http://www.espn.com/nba/game?gameId=401070943
1739;SAS;http://www.espn.com/nba/game?gameId=401070953
1740;SAS;http://www.espn.com/nba/game?gameId=401070965
1741;SAS;http://www.espn.com/nba/game?gameId=401070978
1742;SAS;http://www.espn.com/nba/game?gameId=401070992
1743;SAS;http://www.espn.com/nba/game?gameId=401071007
1744;SAS;http://www.espn.com/nba/game?gameId=401071023
1745;SAS;http://www.espn.com/nba/game?gameId=401071035
1746;SAS;http://www.espn.com/nba/game?gameId=401071045
1747;SAS;http://www.espn.com/nba/game?gameId=401071056
1748;SAS;http://www.espn.com/nba/game?gameId=401071070
1749;SAS;http://www.espn.com/nba/game?gameId=401071084
1750;SAS;http://www.espn.com/nba/game?gameId=401071098
1751;SAS;http://www.espn.com/nba/game?gameId=401071114
1752;SAS;http://www.espn.com/nba/game?gameId=401071129
1753;SAS;http://www.espn.com/nba/game?gameId=401071137
1754;SAS;http://www.espn.com/nba/game?gameId=401071156
1755;SAS;http://www.espn.com/nba/game?gameId=401071164
1756;SAS;http://www.espn.com/nba/game?gameId=401071186
1757;SAS;http://www.espn.com/nba/game?gameId=401071200
1758;SAS;http://www.espn.com/nba/game?gameId=401071211
1759;SAS;http://www.espn.com/nba/game?gameId=401071221
1760;SAS;http://www.espn.com/nba/game?gameId=401071239
1761;SAS;http://www.espn.com/nba/game?gameId=401071257
1762;SAS;http://www.espn.com/nba/game?gameId=401071267
1763;SAS;http://www.espn.com/nba/game?gameId=401071287
1764;SAS;http://www.espn.com/nba/game?gameId=401071295
1765;SAS;http://www.espn.com/nba/game?gameId=401071310
1766;SAS;http://www.espn.com/nba/game?gameId=401071323
1767;SAS;http://www.espn.com/nba/game?gameId=401071337
1768;SAS;http://www.espn.com/nba/game?gameId=401071350
1769;SAS;http://www.espn.com/nba/game?gameId=401071366
1770;SAS;http://www.espn.com/nba/game?gameId=401071384
1771;SAS;http://www.espn.com/nba/game?gameId=401071403
1772;SAS;http://www.espn.com/nba/game?gameId=401071414
1773;SAS;http://www.espn.com/nba/game?gameId=401071427
1774;SAS;http://www.espn.com/nba/game?gameId=401071440
1775;SAS;http://www.espn.com/nba/game?gameId=401071454
1776;SAS;http://www.espn.com/nba/game?gameId=401071468
1777;SAS;http://www.espn.com/nba/game?gameId=401071483
1778;SAS;http://www.espn.com/nba/game?gameId=401071489
1779;SAS;http://www.espn.com/nba/game?gameId=401071498
1780;SAS;http://www.espn.com/nba/game?gameId=401071523
1781;SAS;http://www.espn.com/nba/game?gameId=401071549
1782;SAS;http://www.espn.com/nba/game?gameId=401071569
1783;SAS;http://www.espn.com/nba/game?gameId=401071573
1784;SAS;http://www.espn.com/nba/game?gameId=401071590
1785;SAS;http://www.espn.com/nba/game?gameId=401071613
1786;SAS;http://www.espn.com/nba/game?gameId=401071627
1787;SAS;http://www.espn.com/nba/game?gameId=401071641
1788;SAS;http://www.espn.com/nba/game?gameId=401071672
1789;SAS;http://www.espn.com/nba/game?gameId=401071684
1790;SAS;http://www.espn.com/nba/game?gameId=401071705
1791;SAS;http://www.espn.com/nba/game?gameId=401071712
1792;SAS;http://www.espn.com/nba/game?gameId=401071728
1793;SAS;http://www.espn.com/nba/game?gameId=401071744
1794;SAS;http://www.espn.com/nba/game?gameId=401071757
1795;SAS;http://www.espn.com/nba/game?gameId=401071773
1796;SAS;http://www.espn.com/nba/game?gameId=401071780
1797;SAS;http://www.espn.com/nba/game?gameId=401071802
1798;SAS;http://www.espn.com/nba/game?gameId=401071821
1799;SAS;http://www.espn.com/nba/game?gameId=401071835
1800;SAS;http://www.espn.com/nba/game?gameId=401071846
1801;SAS;http://www.espn.com/nba/game?gameId=401071855
1802;SAS;http://www.espn.com/nba/game?gameId=401071869
1803;SAS;http://www.espn.com/nba/game?gameId=401071900
1804;BKN;http://www.espn.com/nba/game?gameId=401070694
1805;BKN;http://www.espn.com/nba/game?gameId=401070704
1806;BKN;http://www.espn.com/nba/game?gameId=401070710
1807;BKN;http://www.espn.com/nba/game?gameId=401070734
1808;BKN;http://www.espn.com/nba/game?gameId=401070753
1809;BKN;http://www.espn.com/nba/game?gameId=401070764
1810;BKN;http://www.espn.com/nba/game?gameId=401070771
1811;BKN;http://www.espn.com/nba/game?gameId=401070785
1812;BKN;http://www.espn.com/nba/game?gameId=401070799
1813;BKN;http://www.espn.com/nba/game?gameId=401070815
1814;BKN;http://www.espn.com/nba/game?gameId=401070832
1815;BKN;http://www.espn.com/nba/game?gameId=401070852
1816;BKN;http://www.espn.com/nba/game?gameId=401070862
1817;BKN;http://www.espn.com/nba/game?gameId=401070876
1818;BKN;http://www.espn.com/nba/game?gameId=401070886
1819;BKN;http://www.espn.com/nba/game?gameId=401070900
1820;BKN;http://www.espn.com/nba/game?gameId=401070905
1821;BKN;http://www.espn.com/nba/game?gameId=401070931
1822;BKN;http://www.espn.com/nba/game?gameId=401070942
1823;BKN;http://www.espn.com/nba/game?gameId=401070946
1824;BKN;http://www.espn.com/nba/game?gameId=401070970
1825;BKN;http://www.espn.com/nba/game?gameId=401070989
1826;BKN;http://www.espn.com/nba/game?gameId=401071004
1827;BKN;http://www.espn.com/nba/game?gameId=401071013
1828;BKN;http://www.espn.com/nba/game?gameId=401071026
1829;BKN;http://www.espn.com/nba/game?gameId=401071039
1830;BKN;http://www.espn.com/nba/game?gameId=401071052
1831;BKN;http://www.espn.com/nba/game?gameId=401071063
1832;BKN;http://www.espn.com/nba/game?gameId=401071089
1833;BKN;http://www.espn.com/nba/game?gameId=401071103
1834;BKN;http://www.espn.com/nba/game?gameId=401071117
1835;BKN;http://www.espn.com/nba/game?gameId=401071134
1836;BKN;http://www.espn.com/nba/game?gameId=401071141
1837;BKN;http://www.espn.com/nba/game?gameId=401071152
1838;BKN;http://www.espn.com/nba/game?gameId=401071170
1839;BKN;http://www.espn.com/nba/game?gameId=401071181
1840;BKN;http://www.espn.com/nba/game?gameId=401071193
1841;BKN;http://www.espn.com/nba/game?gameId=401071203
1842;BKN;http://www.espn.com/nba/game?gameId=401071233
1843;BKN;http://www.espn.com/nba/game?gameId=401071246
1844;BKN;http://www.espn.com/nba/game?gameId=401071260
1845;BKN;http://www.espn.com/nba/game?gameId=401071268
1846;BKN;http://www.espn.com/nba/game?gameId=401071285
1847;BKN;http://www.espn.com/nba/game?gameId=401071300
1848;BKN;http://www.espn.com/nba/game?gameId=401071321
1849;BKN;http://www.espn.com/nba/game?gameId=401071335
1850;BKN;http://www.espn.com/nba/game?gameId=401071349
1851;BKN;http://www.espn.com/nba/game?gameId=401071372
1852;BKN;http://www.espn.com/nba/game?gameId=401071381
1853;BKN;http://www.espn.com/nba/game?gameId=401071394
1854;BKN;http://www.espn.com/nba/game?gameId=401071419
1855;BKN;http://www.espn.com/nba/game?gameId=401071425
1856;BKN;http://www.espn.com/nba/game?gameId=401071440
1857;BKN;http://www.espn.com/nba/game?gameId=401071450
1858;BKN;http://www.espn.com/nba/game?gameId=401071465
1859;BKN;http://www.espn.com/nba/game?gameId=401071477
1860;BKN;http://www.espn.com/nba/game?gameId=401071493
1861;BKN;http://www.espn.com/nba/game?gameId=401071515
1862;BKN;http://www.espn.com/nba/game?gameId=401071526
1863;BKN;http://www.espn.com/nba/game?gameId=401071542
1864;BKN;http://www.espn.com/nba/game?gameId=401071557
1865;BKN;http://www.espn.com/nba/game?gameId=401071573
1866;BKN;http://www.espn.com/nba/game?gameId=401071587
1867;BKN;http://www.espn.com/nba/game?gameId=401071602
1868;BKN;http://www.espn.com/nba/game?gameId=401071610
1869;BKN;http://www.espn.com/nba/game?gameId=401071625
1870;BKN;http://www.espn.com/nba/game?gameId=401071642
1871;BKN;http://www.espn.com/nba/game?gameId=401071660
1872;BKN;http://www.espn.com/nba/game?gameId=401071676
1873;BKN;http://www.espn.com/nba/game?gameId=401071690
1874;BKN;http://www.espn.com/nba/game?gameId=401071714
1875;BKN;http://www.espn.com/nba/game?gameId=401071722
1876;BKN;http://www.espn.com/nba/game?gameId=401071736
1877;BKN;http://www.espn.com/nba/game?gameId=401071759
1878;BKN;http://www.espn.com/nba/game?gameId=401071779
1879;BKN;http://www.espn.com/nba/game?gameId=401071796
1880;BKN;http://www.espn.com/nba/game?gameId=401071810
1881;BKN;http://www.espn.com/nba/game?gameId=401071827
1882;BKN;http://www.espn.com/nba/game?gameId=401071842
1883;BKN;http://www.espn.com/nba/game?gameId=401071866
1884;BKN;http://www.espn.com/nba/game?gameId=401071872
1885;BKN;http://www.espn.com/nba/game?gameId=401071894
1886;MEM;http://www.espn.com/nba/game?gameId=401070695
1887;MEM;http://www.espn.com/nba/game?gameId=401070705
1888;MEM;http://www.espn.com/nba/game?gameId=401070726
1889;MEM;http://www.espn.com/nba/game?gameId=401070742
1890;MEM;http://www.espn.com/nba/game?gameId=401070761
1891;MEM;http://www.espn.com/nba/game?gameId=401070783
1892;MEM;http://www.espn.com/nba/game?gameId=401070803
1893;MEM;http://www.espn.com/nba/game?gameId=401070818
1894;MEM;http://www.espn.com/nba/game?gameId=401070828
1895;MEM;http://www.espn.com/nba/game?gameId=401070839
1896;MEM;http://www.espn.com/nba/game?gameId=401070860
1897;MEM;http://www.espn.com/nba/game?gameId=401070875
1898;MEM;http://www.espn.com/nba/game?gameId=401070888
1899;MEM;http://www.espn.com/nba/game?gameId=401070901
1900;MEM;http://www.espn.com/nba/game?gameId=401070915
1901;MEM;http://www.espn.com/nba/game?gameId=401070925
1902;MEM;http://www.espn.com/nba/game?gameId=401070943
1903;MEM;http://www.espn.com/nba/game?gameId=401070947
1904;MEM;http://www.espn.com/nba/game?gameId=401070972
1905;MEM;http://www.espn.com/nba/game?gameId=401070984
1906;MEM;http://www.espn.com/nba/game?gameId=401071004
1907;MEM;http://www.espn.com/nba/game?gameId=401071021
1908;MEM;http://www.espn.com/nba/game?gameId=401071041
1909;MEM;http://www.espn.com/nba/game?gameId=401071055
1910;MEM;http://www.espn.com/nba/game?gameId=401071065
1911;MEM;http://www.espn.com/nba/game?gameId=401071079
1912;MEM;http://www.espn.com/nba/game?gameId=401071091
1913;MEM;http://www.espn.com/nba/game?gameId=401071106
1914;MEM;http://www.espn.com/nba/game?gameId=401071113
1915;MEM;http://www.espn.com/nba/game?gameId=401071130
1916;MEM;http://www.espn.com/nba/game?gameId=401071146
1917;MEM;http://www.espn.com/nba/game?gameId=401071158
1918;MEM;http://www.espn.com/nba/game?gameId=401071177
1919;MEM;http://www.espn.com/nba/game?gameId=401071184
1920;MEM;http://www.espn.com/nba/game?gameId=401071207
1921;MEM;http://www.espn.com/nba/game?gameId=401071220
1922;MEM;http://www.espn.com/nba/game?gameId=401071236
1923;MEM;http://www.espn.com/nba/game?gameId=401071246
1924;MEM;http://www.espn.com/nba/game?gameId=401071257
1925;MEM;http://www.espn.com/nba/game?gameId=401071271
1926;MEM;http://www.espn.com/nba/game?gameId=401071287
1927;MEM;http://www.espn.com/nba/game?gameId=401071307
1928;MEM;http://www.espn.com/nba/game?gameId=401071322
1929;MEM;http://www.espn.com/nba/game?gameId=401071336
1930;MEM;http://www.espn.com/nba/game?gameId=401071347
1931;MEM;http://www.espn.com/nba/game?gameId=401071360
1932;MEM;http://www.espn.com/nba/game?gameId=401070238
1933;MEM;http://www.espn.com/nba/game?gameId=401071386
1934;MEM;http://www.espn.com/nba/game?gameId=401071398
1935;MEM;http://www.espn.com/nba/game?gameId=401071404
1936;MEM;http://www.espn.com/nba/game?gameId=401071420
1937;MEM;http://www.espn.com/nba/game?gameId=401071433
1938;MEM;http://www.espn.com/nba/game?gameId=401071443
1939;MEM;http://www.espn.com/nba/game?gameId=401071460
1940;MEM;http://www.espn.com/nba/game?gameId=401071474
1941;MEM;http://www.espn.com/nba/game?gameId=401071488
1942;MEM;http://www.espn.com/nba/game?gameId=401071504
1943;MEM;http://www.espn.com/nba/game?gameId=401071523
1944;MEM;http://www.espn.com/nba/game?gameId=401071531
1945;MEM;http://www.espn.com/nba/game?gameId=401071552
1946;MEM;http://www.espn.com/nba/game?gameId=401071558
1947;MEM;http://www.espn.com/nba/game?gameId=401071577
1948;MEM;http://www.espn.com/nba/game?gameId=401071589
1949;MEM;http://www.espn.com/nba/game?gameId=401071612
1950;MEM;http://www.espn.com/nba/game?gameId=401071624
1951;MEM;http://www.espn.com/nba/game?gameId=401071635
1952;MEM;http://www.espn.com/nba/game?gameId=401071655
1953;MEM;http://www.espn.com/nba/game?gameId=401071669
1954;MEM;http://www.espn.com/nba/game?gameId=401071689
1955;MEM;http://www.espn.com/nba/game?gameId=401071708
1956;MEM;http://www.espn.com/nba/game?gameId=401071743
1957;MEM;http://www.espn.com/nba/game?gameId=401071753
1958;MEM;http://www.espn.com/nba/game?gameId=401071764
1959;MEM;http://www.espn.com/nba/game?gameId=401071777
1960;MEM;http://www.espn.com/nba/game?gameId=401071791
1961;MEM;http://www.espn.com/nba/game?gameId=401071817
1962;MEM;http://www.espn.com/nba/game?gameId=401071824
1963;MEM;http://www.espn.com/nba/game?gameId=401071848
1964;MEM;http://www.espn.com/nba/game?gameId=401071860
1965;MEM;http://www.espn.com/nba/game?gameId=401071873
1966;MEM;http://www.espn.com/nba/game?gameId=401071883
1967;MEM;http://www.espn.com/nba/game?gameId=401071898
1968;UTAH;http://www.espn.com/nba/game?gameId=401070700
1969;UTAH;http://www.espn.com/nba/game?gameId=401070220
1970;UTAH;http://www.espn.com/nba/game?gameId=401070726
1971;UTAH;http://www.espn.com/nba/game?gameId=401070738
1972;UTAH;http://www.espn.com/nba/game?gameId=401070756
1973;UTAH;http://www.espn.com/nba/game?gameId=401070765
1974;UTAH;http://www.espn.com/nba/game?gameId=401070788
1975;UTAH;http://www.espn.com/nba/game?gameId=401070803
1976;UTAH;http://www.espn.com/nba/game?gameId=401070812
1977;UTAH;http://www.espn.com/nba/game?gameId=401070827
1978;UTAH;http://www.espn.com/nba/game?gameId=401070841
1979;UTAH;http://www.espn.com/nba/game?gameId=401070853
1980;UTAH;http://www.espn.com/nba/game?gameId=401070875
1981;UTAH;http://www.espn.com/nba/game?gameId=401070891
1982;UTAH;http://www.espn.com/nba/game?gameId=401070899
1983;UTAH;http://www.espn.com/nba/game?gameId=401070910
1984;UTAH;http://www.espn.com/nba/game?gameId=401070922
1985;UTAH;http://www.espn.com/nba/game?gameId=401070944
1986;UTAH;http://www.espn.com/nba/game?gameId=401070959
1987;UTAH;http://www.espn.com/nba/game?gameId=401070973
1988;UTAH;http://www.espn.com/nba/game?gameId=401070980
1989;UTAH;http://www.espn.com/nba/game?gameId=401070989
1990;UTAH;http://www.espn.com/nba/game?gameId=401071001
1991;UTAH;http://www.espn.com/nba/game?gameId=401071020
1992;UTAH;http://www.espn.com/nba/game?gameId=401071035
1993;UTAH;http://www.espn.com/nba/game?gameId=401071048
1994;UTAH;http://www.espn.com/nba/game?gameId=401071070
1995;UTAH;http://www.espn.com/nba/game?gameId=401071077
1996;UTAH;http://www.espn.com/nba/game?gameId=401071094
1997;UTAH;http://www.espn.com/nba/game?gameId=401071110
1998;UTAH;http://www.espn.com/nba/game?gameId=401071126
1999;UTAH;http://www.espn.com/nba/game?gameId=401071145
2000;UTAH;http://www.espn.com/nba/game?gameId=401071157
2001;UTAH;http://www.espn.com/nba/game?gameId=401071166
2002;UTAH;http://www.espn.com/nba/game?gameId=401070237
2003;UTAH;http://www.espn.com/nba/game?gameId=401071191
2004;UTAH;http://www.espn.com/nba/game?gameId=401071208
2005;UTAH;http://www.espn.com/nba/game?gameId=401071225
2006;UTAH;http://www.espn.com/nba/game?gameId=401071243
2007;UTAH;http://www.espn.com/nba/game?gameId=401071253
2008;UTAH;http://www.espn.com/nba/game?gameId=401071270
2009;UTAH;http://www.espn.com/nba/game?gameId=401071290
2010;UTAH;http://www.espn.com/nba/game?gameId=401071303
2011;UTAH;http://www.espn.com/nba/game?gameId=401071312
2012;UTAH;http://www.espn.com/nba/game?gameId=401071324
2013;UTAH;http://www.espn.com/nba/game?gameId=401071340
2014;UTAH;http://www.espn.com/nba/game?gameId=401071351
2015;UTAH;http://www.espn.com/nba/game?gameId=401071374
2016;UTAH;http://www.espn.com/nba/game?gameId=401071388
2017;UTAH;http://www.espn.com/nba/game?gameId=401071402
2018;UTAH;http://www.espn.com/nba/game?gameId=401071413
2019;UTAH;http://www.espn.com/nba/game?gameId=401071436
2020;UTAH;http://www.espn.com/nba/game?gameId=401071446
2021;UTAH;http://www.espn.com/nba/game?gameId=401071458
2022;UTAH;http://www.espn.com/nba/game?gameId=401071481
2023;UTAH;http://www.espn.com/nba/game?gameId=401071498
2024;UTAH;http://www.espn.com/nba/game?gameId=401071525
2025;UTAH;http://www.espn.com/nba/game?gameId=401071554
2026;UTAH;http://www.espn.com/nba/game?gameId=401071566
2027;UTAH;http://www.espn.com/nba/game?gameId=401071592
2028;UTAH;http://www.espn.com/nba/game?gameId=401071599
2029;UTAH;http://www.espn.com/nba/game?gameId=401071616
2030;UTAH;http://www.espn.com/nba/game?gameId=401071629
2031;UTAH;http://www.espn.com/nba/game?gameId=401071644
2032;UTAH;http://www.espn.com/nba/game?gameId=401071655
2033;UTAH;http://www.espn.com/nba/game?gameId=401071678
2034;UTAH;http://www.espn.com/nba/game?gameId=401071692
2035;UTAH;http://www.espn.com/nba/game?gameId=401071697
2036;UTAH;http://www.espn.com/nba/game?gameId=401071714
2037;UTAH;http://www.espn.com/nba/game?gameId=401071724
2038;UTAH;http://www.espn.com/nba/game?gameId=401071741
2039;UTAH;http://www.espn.com/nba/game?gameId=401071749
2040;UTAH;http://www.espn.com/nba/game?gameId=401071763
2041;UTAH;http://www.espn.com/nba/game?gameId=401071778
2042;UTAH;http://www.espn.com/nba/game?gameId=401071794
2043;UTAH;http://www.espn.com/nba/game?gameId=401071807
2044;UTAH;http://www.espn.com/nba/game?gameId=401071832
2045;UTAH;http://www.espn.com/nba/game?gameId=401071847
2046;UTAH;http://www.espn.com/nba/game?gameId=401071861
2047;UTAH;http://www.espn.com/nba/game?gameId=401071881
2048;UTAH;http://www.espn.com/nba/game?gameId=401071890
2049;UTAH;http://www.espn.com/nba/game?gameId=401071902
2050;TOR;http://www.espn.com/nba/game?gameId=401070698
2051;TOR;http://www.espn.com/nba/game?gameId=401070219
2052;TOR;http://www.espn.com/nba/game?gameId=401070221
2053;TOR;http://www.espn.com/nba/game?gameId=401070722
2054;TOR;http://www.espn.com/nba/game?gameId=401070736
2055;TOR;http://www.espn.com/nba/game?gameId=401070750
2056;TOR;http://www.espn.com/nba/game?gameId=401070773
2057;TOR;http://www.espn.com/nba/game?gameId=401070781
2058;TOR;http://www.espn.com/nba/game?gameId=401070804
2059;TOR;http://www.espn.com/nba/game?gameId=401070820
2060;TOR;http://www.espn.com/nba/game?gameId=401070827
2061;TOR;http://www.espn.com/nba/game?gameId=401070842
2062;TOR;http://www.espn.com/nba/game?gameId=401070855
2063;TOR;http://www.espn.com/nba/game?gameId=401070873
2064;TOR;http://www.espn.com/nba/game?gameId=401070887
2065;TOR;http://www.espn.com/nba/game?gameId=401070897
2066;TOR;http://www.espn.com/nba/game?gameId=401070911
2067;TOR;http://www.espn.com/nba/game?gameId=401070929
2068;TOR;http://www.espn.com/nba/game?gameId=401070935
2069;TOR;http://www.espn.com/nba/game?gameId=401070952
2070;TOR;http://www.espn.com/nba/game?gameId=401070971
2071;TOR;http://www.espn.com/nba/game?gameId=401070984
2072;TOR;http://www.espn.com/nba/game?gameId=401070997
2073;TOR;http://www.espn.com/nba/game?gameId=401071014
2074;TOR;http://www.espn.com/nba/game?gameId=401071028
2075;TOR;http://www.espn.com/nba/game?gameId=401071040
2076;TOR;http://www.espn.com/nba/game?gameId=401071052
2077;TOR;http://www.espn.com/nba/game?gameId=401071069
2078;TOR;http://www.espn.com/nba/game?gameId=401071085
2079;TOR;http://www.espn.com/nba/game?gameId=401071096
2080;TOR;http://www.espn.com/nba/game?gameId=401071108
2081;TOR;http://www.espn.com/nba/game?gameId=401071123
2082;TOR;http://www.espn.com/nba/game?gameId=401071140
2083;TOR;http://www.espn.com/nba/game?gameId=401071151
2084;TOR;http://www.espn.com/nba/game?gameId=401071162
2085;TOR;http://www.espn.com/nba/game?gameId=401071182
2086;TOR;http://www.espn.com/nba/game?gameId=401071195
2087;TOR;http://www.espn.com/nba/game?gameId=401071214
2088;TOR;http://www.espn.com/nba/game?gameId=401071225
2089;TOR;http://www.espn.com/nba/game?gameId=401071239
2090;TOR;http://www.espn.com/nba/game?gameId=401071256
2091;TOR;http://www.espn.com/nba/game?gameId=401071265
2092;TOR;http://www.espn.com/nba/game?gameId=401071278
2093;TOR;http://www.espn.com/nba/game?gameId=401071300
2094;TOR;http://www.espn.com/nba/game?gameId=401071315
2095;TOR;http://www.espn.com/nba/game?gameId=401071334
2096;TOR;http://www.espn.com/nba/game?gameId=401071344
2097;TOR;http://www.espn.com/nba/game?gameId=401071360
2098;TOR;http://www.espn.com/nba/game?gameId=401071375
2099;TOR;http://www.espn.com/nba/game?gameId=401071379
2100;TOR;http://www.espn.com/nba/game?gameId=401071397
2101;TOR;http://www.espn.com/nba/game?gameId=401071411
2102;TOR;http://www.espn.com/nba/game?gameId=401071439
2103;TOR;http://www.espn.com/nba/game?gameId=401071462
2104;TOR;http://www.espn.com/nba/game?gameId=401071473
2105;TOR;http://www.espn.com/nba/game?gameId=401071486
2106;TOR;http://www.espn.com/nba/game?gameId=401071501
2107;TOR;http://www.espn.com/nba/game?gameId=401071515
2108;TOR;http://www.espn.com/nba/game?gameId=401071530
2109;TOR;http://www.espn.com/nba/game?gameId=401071549
2110;TOR;http://www.espn.com/nba/game?gameId=401071567
2111;TOR;http://www.espn.com/nba/game?gameId=401071582
2112;TOR;http://www.espn.com/nba/game?gameId=401071603
2113;TOR;http://www.espn.com/nba/game?gameId=401071622
2114;TOR;http://www.espn.com/nba/game?gameId=401071634
2115;TOR;http://www.espn.com/nba/game?gameId=401071656
2116;TOR;http://www.espn.com/nba/game?gameId=401071666
2117;TOR;http://www.espn.com/nba/game?gameId=401071674
2118;TOR;http://www.espn.com/nba/game?gameId=401071696
2119;TOR;http://www.espn.com/nba/game?gameId=401071718
2120;TOR;http://www.espn.com/nba/game?gameId=401071726
2121;TOR;http://www.espn.com/nba/game?gameId=401071745
2122;TOR;http://www.espn.com/nba/game?gameId=401071756
2123;TOR;http://www.espn.com/nba/game?gameId=401071771
2124;TOR;http://www.espn.com/nba/game?gameId=401071783
2125;TOR;http://www.espn.com/nba/game?gameId=401071798
2126;TOR;http://www.espn.com/nba/game?gameId=401071815
2127;TOR;http://www.espn.com/nba/game?gameId=401071829
2128;TOR;http://www.espn.com/nba/game?gameId=401071842
2129;TOR;http://www.espn.com/nba/game?gameId=401071853
2130;TOR;http://www.espn.com/nba/game?gameId=401071868
2131;TOR;http://www.espn.com/nba/game?gameId=401071887
2132;PHI;http://www.espn.com/nba/game?gameId=401070213
2133;PHI;http://www.espn.com/nba/game?gameId=401070217
2134;PHI;http://www.espn.com/nba/game?gameId=401070712
2135;PHI;http://www.espn.com/nba/game?gameId=401070730
2136;PHI;http://www.espn.com/nba/game?gameId=401070740
2137;PHI;http://www.espn.com/nba/game?gameId=401070759
2138;PHI;http://www.espn.com/nba/game?gameId=401070769
2139;PHI;http://www.espn.com/nba/game?gameId=401070781
2140;PHI;http://www.espn.com/nba/game?gameId=401070794
2141;PHI;http://www.espn.com/nba/game?gameId=401070806
2142;PHI;http://www.espn.com/nba/game?gameId=401070815
2143;PHI;http://www.espn.com/nba/game?gameId=401070838
2144;PHI;http://www.espn.com/nba/game?gameId=401070849
2145;PHI;http://www.espn.com/nba/game?gameId=401070860
2146;PHI;http://www.espn.com/nba/game?gameId=401070872
2147;PHI;http://www.espn.com/nba/game?gameId=401070883
2148;PHI;http://www.espn.com/nba/game?gameId=401070899
2149;PHI;http://www.espn.com/nba/game?gameId=401070906
2150;PHI;http://www.espn.com/nba/game?gameId=401070923
2151;PHI;http://www.espn.com/nba/game?gameId=401070934
2152;PHI;http://www.espn.com/nba/game?gameId=401070951
2153;PHI;http://www.espn.com/nba/game?gameId=401070970
2154;PHI;http://www.espn.com/nba/game?gameId=401070988
2155;PHI;http://www.espn.com/nba/game?gameId=401071003
2156;PHI;http://www.espn.com/nba/game?gameId=401071021
2157;PHI;http://www.espn.com/nba/game?gameId=401071040
2158;PHI;http://www.espn.com/nba/game?gameId=401071050
2159;PHI;http://www.espn.com/nba/game?gameId=401071073
2160;PHI;http://www.espn.com/nba/game?gameId=401071089
2161;PHI;http://www.espn.com/nba/game?gameId=401071105
2162;PHI;http://www.espn.com/nba/game?gameId=401071118
2163;PHI;http://www.espn.com/nba/game?gameId=401071129
2164;PHI;http://www.espn.com/nba/game?gameId=401071138
2165;PHI;http://www.espn.com/nba/game?gameId=401071162
2166;PHI;http://www.espn.com/nba/game?gameId=401070235
2167;PHI;http://www.espn.com/nba/game?gameId=401071191
2168;PHI;http://www.espn.com/nba/game?gameId=401071216
2169;PHI;http://www.espn.com/nba/game?gameId=401071229
2170;PHI;http://www.espn.com/nba/game?gameId=401071237
2171;PHI;http://www.espn.com/nba/game?gameId=401071254
2172;PHI;http://www.espn.com/nba/game?gameId=401071276
2173;PHI;http://www.espn.com/nba/game?gameId=401071284
2174;PHI;http://www.espn.com/nba/game?gameId=401071297
2175;PHI;http://www.espn.com/nba/game?gameId=401071314
2176;PHI;http://www.espn.com/nba/game?gameId=401071328
2177;PHI;http://www.espn.com/nba/game?gameId=401071343
2178;PHI;http://www.espn.com/nba/game?gameId=401071354
2179;PHI;http://www.espn.com/nba/game?gameId=401070239
2180;PHI;http://www.espn.com/nba/game?gameId=401071384
2181;PHI;http://www.espn.com/nba/game?gameId=401071406
2182;PHI;http://www.espn.com/nba/game?gameId=401071428
2183;PHI;http://www.espn.com/nba/game?gameId=401071441
2184;PHI;http://www.espn.com/nba/game?gameId=401071459
2185;PHI;http://www.espn.com/nba/game?gameId=401071473
2186;PHI;http://www.espn.com/nba/game?gameId=401071491
2187;PHI;http://www.espn.com/nba/game?gameId=401071508
2188;PHI;http://www.espn.com/nba/game?gameId=401071522
2189;PHI;http://www.espn.com/nba/game?gameId=401071529
2190;PHI;http://www.espn.com/nba/game?gameId=401071541
2191;PHI;http://www.espn.com/nba/game?gameId=401071555
2192;PHI;http://www.espn.com/nba/game?gameId=401071579
2193;PHI;http://www.espn.com/nba/game?gameId=401071600
2194;PHI;http://www.espn.com/nba/game?gameId=401071611
2195;PHI;http://www.espn.com/nba/game?gameId=401071633
2196;PHI;http://www.espn.com/nba/game?gameId=401071643
2197;PHI;http://www.espn.com/nba/game?gameId=401071654
2198;PHI;http://www.espn.com/nba/game?gameId=401071667
2199;PHI;http://www.espn.com/nba/game?gameId=401071681
2200;PHI;http://www.espn.com/nba/game?gameId=401071700
2201;PHI;http://www.espn.com/nba/game?gameId=401071717
2202;PHI;http://www.espn.com/nba/game?gameId=401071732
2203;PHI;http://www.espn.com/nba/game?gameId=401071740
2204;PHI;http://www.espn.com/nba/game?gameId=401071762
2205;PHI;http://www.espn.com/nba/game?gameId=401071776
2206;PHI;http://www.espn.com/nba/game?gameId=401071796
2207;PHI;http://www.espn.com/nba/game?gameId=401071816
2208;PHI;http://www.espn.com/nba/game?gameId=401071831
2209;PHI;http://www.espn.com/nba/game?gameId=401071841
2210;PHI;http://www.espn.com/nba/game?gameId=401071850
2211;PHI;http://www.espn.com/nba/game?gameId=401071867
2212;PHI;http://www.espn.com/nba/game?gameId=401071885
2213;PHI;http://www.espn.com/nba/game?gameId=401071897
2214;MIN;http://www.espn.com/nba/game?gameId=401070699
2215;MIN;http://www.espn.com/nba/game?gameId=401070706
2216;MIN;http://www.espn.com/nba/game?gameId=401070715
2217;MIN;http://www.espn.com/nba/game?gameId=401070724
2218;MIN;http://www.espn.com/nba/game?gameId=401070736
2219;MIN;http://www.espn.com/nba/game?gameId=401070752
2220;MIN;http://www.espn.com/nba/game?gameId=401070774
2221;MIN;http://www.espn.com/nba/game?gameId=401070788
2222;MIN;http://www.espn.com/nba/game?gameId=401070805
2223;MIN;http://www.espn.com/nba/game?gameId=401070819
2224;MIN;http://www.espn.com/nba/game?gameId=401070829
2225;MIN;http://www.espn.com/nba/game?gameId=401070843
2226;MIN;http://www.espn.com/nba/game?gameId=401070854
2227;MIN;http://www.espn.com/nba/game?gameId=401070876
2228;MIN;http://www.espn.com/nba/game?gameId=401070889
2229;MIN;http://www.espn.com/nba/game?gameId=401070902
2230;MIN;http://www.espn.com/nba/game?gameId=401070915
2231;MIN;http://www.espn.com/nba/game?gameId=401070941
2232;MIN;http://www.espn.com/nba/game?gameId=401070946
2233;MIN;http://www.espn.com/nba/game?gameId=401070962
2234;MIN;http://www.espn.com/nba/game?gameId=401070976
2235;MIN;http://www.espn.com/nba/game?gameId=401070992
2236;MIN;http://www.espn.com/nba/game?gameId=401071016
2237;MIN;http://www.espn.com/nba/game?gameId=401071029
2238;MIN;http://www.espn.com/nba/game?gameId=401071043
2239;MIN;http://www.espn.com/nba/game?gameId=401071066
2240;MIN;http://www.espn.com/nba/game?gameId=401071081
2241;MIN;http://www.espn.com/nba/game?gameId=401071095
2242;MIN;http://www.espn.com/nba/game?gameId=401071116
2243;MIN;http://www.espn.com/nba/game?gameId=401071127
2244;MIN;http://www.espn.com/nba/game?gameId=401071144
2245;MIN;http://www.espn.com/nba/game?gameId=401071156
2246;MIN;http://www.espn.com/nba/game?gameId=401071174
2247;MIN;http://www.espn.com/nba/game?gameId=401071183
2248;MIN;http://www.espn.com/nba/game?gameId=401071198
2249;MIN;http://www.espn.com/nba/game?gameId=401071213
2250;MIN;http://www.espn.com/nba/game?gameId=401071222
2251;MIN;http://www.espn.com/nba/game?gameId=401071234
2252;MIN;http://www.espn.com/nba/game?gameId=401071247
2253;MIN;http://www.espn.com/nba/game?gameId=401071261
2254;MIN;http://www.espn.com/nba/game?gameId=401071279
2255;MIN;http://www.espn.com/nba/game?gameId=401071302
2256;MIN;http://www.espn.com/nba/game?gameId=401071309
2257;MIN;http://www.espn.com/nba/game?gameId=401071328
2258;MIN;http://www.espn.com/nba/game?gameId=401071350
2259;MIN;http://www.espn.com/nba/game?gameId=401071365
2260;MIN;http://www.espn.com/nba/game?gameId=401071378
2261;MIN;http://www.espn.com/nba/game?gameId=401071392
2262;MIN;http://www.espn.com/nba/game?gameId=401071402
2263;MIN;http://www.espn.com/nba/game?gameId=401071413
2264;MIN;http://www.espn.com/nba/game?gameId=401071433
2265;MIN;http://www.espn.com/nba/game?gameId=401071456
2266;MIN;http://www.espn.com/nba/game?gameId=401071474
2267;MIN;http://www.espn.com/nba/game?gameId=401071485
2268;MIN;http://www.espn.com/nba/game?gameId=401071496
2269;MIN;http://www.espn.com/nba/game?gameId=401071518
2270;MIN;http://www.espn.com/nba/game?gameId=401071534
2271;MIN;http://www.espn.com/nba/game?gameId=401071551
2272;MIN;http://www.espn.com/nba/game?gameId=401071564
2273;MIN;http://www.espn.com/nba/game?gameId=401071578
2274;MIN;http://www.espn.com/nba/game?gameId=401071585
2275;MIN;http://www.espn.com/nba/game?gameId=401071595
2276;MIN;http://www.espn.com/nba/game?gameId=401071623
2277;MIN;http://www.espn.com/nba/game?gameId=401071636
2278;MIN;http://www.espn.com/nba/game?gameId=401071639
2279;MIN;http://www.espn.com/nba/game?gameId=401071661
2280;MIN;http://www.espn.com/nba/game?gameId=401071671
2281;MIN;http://www.espn.com/nba/game?gameId=401071685
2282;MIN;http://www.espn.com/nba/game?gameId=401071697
2283;MIN;http://www.espn.com/nba/game?gameId=401071721
2284;MIN;http://www.espn.com/nba/game?gameId=401071735
2285;MIN;http://www.espn.com/nba/game?gameId=401071747
2286;MIN;http://www.espn.com/nba/game?gameId=401071764
2287;MIN;http://www.espn.com/nba/game?gameId=401071785
2288;MIN;http://www.espn.com/nba/game?gameId=401071805
2289;MIN;http://www.espn.com/nba/game?gameId=401071816
2290;MIN;http://www.espn.com/nba/game?gameId=401071830
2291;MIN;http://www.espn.com/nba/game?gameId=401071845
2292;MIN;http://www.espn.com/nba/game?gameId=401071858
2293;MIN;http://www.espn.com/nba/game?gameId=401071870
2294;MIN;http://www.espn.com/nba/game?gameId=401071887
2295;MIN;http://www.espn.com/nba/game?gameId=401071901
2296;NO;http://www.espn.com/nba/game?gameId=401070215
2297;NO;http://www.espn.com/nba/game?gameId=401070707
2298;NO;http://www.espn.com/nba/game?gameId=401070731
2299;NO;http://www.espn.com/nba/game?gameId=401070753
2300;NO;http://www.espn.com/nba/game?gameId=401070756
2301;NO;http://www.espn.com/nba/game?gameId=401070776
2302;NO;http://www.espn.com/nba/game?gameId=401070789
2303;NO;http://www.espn.com/nba/game?gameId=401070797
2304;NO;http://www.espn.com/nba/game?gameId=401070811
2305;NO;http://www.espn.com/nba/game?gameId=401070825
2306;NO;http://www.espn.com/nba/game?gameId=401070840
2307;NO;http://www.espn.com/nba/game?gameId=401070857
2308;NO;http://www.espn.com/nba/game?gameId=401070873
2309;NO;http://www.espn.com/nba/game?gameId=401070889
2310;NO;http://www.espn.com/nba/game?gameId=401070903
2311;NO;http://www.espn.com/nba/game?gameId=401070909
2312;NO;http://www.espn.com/nba/game?gameId=401070927
2313;NO;http://www.espn.com/nba/game?gameId=401070934
2314;NO;http://www.espn.com/nba/game?gameId=401070950
2315;NO;http://www.espn.com/nba/game?gameId=401070961
2316;NO;http://www.espn.com/nba/game?gameId=401070979
2317;NO;http://www.espn.com/nba/game?gameId=401070993
2318;NO;http://www.espn.com/nba/game?gameId=401071005
2319;NO;http://www.espn.com/nba/game?gameId=401071019
2320;NO;http://www.espn.com/nba/game?gameId=401071030
2321;NO;http://www.espn.com/nba/game?gameId=401071044
2322;NO;http://www.espn.com/nba/game?gameId=401071055
2323;NO;http://www.espn.com/nba/game?gameId=401071068
2324;NO;http://www.espn.com/nba/game?gameId=401071074
2325;NO;http://www.espn.com/nba/game?gameId=401071092
2326;NO;http://www.espn.com/nba/game?gameId=401071122
2327;NO;http://www.espn.com/nba/game?gameId=401071143
2328;NO;http://www.espn.com/nba/game?gameId=401071159
2329;NO;http://www.espn.com/nba/game?gameId=401071173
2330;NO;http://www.espn.com/nba/game?gameId=401071185
2331;NO;http://www.espn.com/nba/game?gameId=401071199
2332;NO;http://www.espn.com/nba/game?gameId=401071205
2333;NO;http://www.espn.com/nba/game?gameId=401071222
2334;NO;http://www.espn.com/nba/game?gameId=401071233
2335;NO;http://www.espn.com/nba/game?gameId=401071255
2336;NO;http://www.espn.com/nba/game?gameId=401071271
2337;NO;http://www.espn.com/nba/game?gameId=401071288
2338;NO;http://www.espn.com/nba/game?gameId=401071309
2339;NO;http://www.espn.com/nba/game?gameId=401071326
2340;NO;http://www.espn.com/nba/game?gameId=401071339
2341;NO;http://www.espn.com/nba/game?gameId=401071353
2342;NO;http://www.espn.com/nba/game?gameId=401070238
2343;NO;http://www.espn.com/nba/game?gameId=401071387
2344;NO;http://www.espn.com/nba/game?gameId=401071390
2345;NO;http://www.espn.com/nba/game?gameId=401071403
2346;NO;http://www.espn.com/nba/game?gameId=401071426
2347;NO;http://www.espn.com/nba/game?gameId=401071434
2348;NO;http://www.espn.com/nba/game?gameId=401071454
2349;NO;http://www.espn.com/nba/game?gameId=401071466
2350;NO;http://www.espn.com/nba/game?gameId=401071478
2351;NO;http://www.espn.com/nba/game?gameId=401071496
2352;NO;http://www.espn.com/nba/game?gameId=401071504
2353;NO;http://www.espn.com/nba/game?gameId=401071524
2354;NO;http://www.espn.com/nba/game?gameId=401071539
2355;NO;http://www.espn.com/nba/game?gameId=401071547
2356;NO;http://www.espn.com/nba/game?gameId=401071560
2357;NO;http://www.espn.com/nba/game?gameId=401071579
2358;NO;http://www.espn.com/nba/game?gameId=401071594
2359;NO;http://www.espn.com/nba/game?gameId=401071605
2360;NO;http://www.espn.com/nba/game?gameId=401071614
2361;NO;http://www.espn.com/nba/game?gameId=401071629
2362;NO;http://www.espn.com/nba/game?gameId=401071644
2363;NO;http://www.espn.com/nba/game?gameId=401071656
2364;NO;http://www.espn.com/nba/game?gameId=401071668
2365;NO;http://www.espn.com/nba/game?gameId=401071683
2366;NO;http://www.espn.com/nba/game?gameId=401071704
2367;NO;http://www.espn.com/nba/game?gameId=401071709
2368;NO;http://www.espn.com/nba/game?gameId=401071729
2369;NO;http://www.espn.com/nba/game?gameId=401071739
2370;NO;http://www.espn.com/nba/game?gameId=401071772
2371;NO;http://www.espn.com/nba/game?gameId=401071786
2372;NO;http://www.espn.com/nba/game?gameId=401071801
2373;NO;http://www.espn.com/nba/game?gameId=401071820
2374;NO;http://www.espn.com/nba/game?gameId=401071844
2375;NO;http://www.espn.com/nba/game?gameId=401071862
2376;NO;http://www.espn.com/nba/game?gameId=401071880
2377;NO;http://www.espn.com/nba/game?gameId=401071888
2378;CLE;http://www.espn.com/nba/game?gameId=401070698
2379;CLE;http://www.espn.com/nba/game?gameId=401070706
2380;CLE;http://www.espn.com/nba/game?gameId=401070718
2381;CLE;http://www.espn.com/nba/game?gameId=401070734
2382;CLE;http://www.espn.com/nba/game?gameId=401070744
2383;CLE;http://www.espn.com/nba/game?gameId=401070758
2384;CLE;http://www.espn.com/nba/game?gameId=401070778
2385;CLE;http://www.espn.com/nba/game?gameId=401070793
2386;CLE;http://www.espn.com/nba/game?gameId=401070807
2387;CLE;http://www.espn.com/nba/game?gameId=401070823
2388;CLE;http://www.espn.com/nba/game?gameId=401070834
2389;CLE;http://www.espn.com/nba/game?gameId=401070859
2390;CLE;http://www.espn.com/nba/game?gameId=401070880
2391;CLE;http://www.espn.com/nba/game?gameId=401070884
2392;CLE;http://www.espn.com/nba/game?gameId=401070921
2393;CLE;http://www.espn.com/nba/game?gameId=401070937
2394;CLE;http://www.espn.com/nba/game?gameId=401070951
2395;CLE;http://www.espn.com/nba/game?gameId=401070960
2396;CLE;http://www.espn.com/nba/game?gameId=401070976
2397;CLE;http://www.espn.com/nba/game?gameId=401070994
2398;CLE;http://www.espn.com/nba/game?gameId=401071000
2399;CLE;http://www.espn.com/nba/game?gameId=401071014
2400;CLE;http://www.espn.com/nba/game?gameId=401071026
2401;CLE;http://www.espn.com/nba/game?gameId=401071036
2402;CLE;http://www.espn.com/nba/game?gameId=401071053
2403;CLE;http://www.espn.com/nba/game?gameId=401071062
2404;CLE;http://www.espn.com/nba/game?gameId=401071076
2405;CLE;http://www.espn.com/nba/game?gameId=401071087
2406;CLE;http://www.espn.com/nba/game?gameId=401071104
2407;CLE;http://www.espn.com/nba/game?gameId=401071118
2408;CLE;http://www.espn.com/nba/game?gameId=401071132
2409;CLE;http://www.espn.com/nba/game?gameId=401071136
2410;CLE;http://www.espn.com/nba/game?gameId=401071151
2411;CLE;http://www.espn.com/nba/game?gameId=401071171
2412;CLE;http://www.espn.com/nba/game?gameId=401071184
2413;CLE;http://www.espn.com/nba/game?gameId=401071197
2414;CLE;http://www.espn.com/nba/game?gameId=401071206
2415;CLE;http://www.espn.com/nba/game?gameId=401071231
2416;CLE;http://www.espn.com/nba/game?gameId=401071243
2417;CLE;http://www.espn.com/nba/game?gameId=401071255
2418;CLE;http://www.espn.com/nba/game?gameId=401071275
2419;CLE;http://www.espn.com/nba/game?gameId=401071288
2420;CLE;http://www.espn.com/nba/game?gameId=401071301
2421;CLE;http://www.espn.com/nba/game?gameId=401071320
2422;CLE;http://www.espn.com/nba/game?gameId=401071338
2423;CLE;http://www.espn.com/nba/game?gameId=401071351
2424;CLE;http://www.espn.com/nba/game?gameId=401071363
2425;CLE;http://www.espn.com/nba/game?gameId=401071368
2426;CLE;http://www.espn.com/nba/game?gameId=401071380
2427;CLE;http://www.espn.com/nba/game?gameId=401071395
2428;CLE;http://www.espn.com/nba/game?gameId=401071408
2429;CLE;http://www.espn.com/nba/game?gameId=401071422
2430;CLE;http://www.espn.com/nba/game?gameId=401071452
2431;CLE;http://www.espn.com/nba/game?gameId=401071470
2432;CLE;http://www.espn.com/nba/game?gameId=401071492
2433;CLE;http://www.espn.com/nba/game?gameId=401071499
2434;CLE;http://www.espn.com/nba/game?gameId=401071512
2435;CLE;http://www.espn.com/nba/game?gameId=401071526
2436;CLE;http://www.espn.com/nba/game?gameId=401071540
2437;CLE;http://www.espn.com/nba/game?gameId=401071558
2438;CLE;http://www.espn.com/nba/game?gameId=401071571
2439;CLE;http://www.espn.com/nba/game?gameId=401071597
2440;CLE;http://www.espn.com/nba/game?gameId=401071608
2441;CLE;http://www.espn.com/nba/game?gameId=401071621
2442;CLE;http://www.espn.com/nba/game?gameId=401071642
2443;CLE;http://www.espn.com/nba/game?gameId=401071652
2444;CLE;http://www.espn.com/nba/game?gameId=401071674
2445;CLE;http://www.espn.com/nba/game?gameId=401071681
2446;CLE;http://www.espn.com/nba/game?gameId=401071694
2447;CLE;http://www.espn.com/nba/game?gameId=401071710
2448;CLE;http://www.espn.com/nba/game?gameId=401071723
2449;CLE;http://www.espn.com/nba/game?gameId=401071738
2450;CLE;http://www.espn.com/nba/game?gameId=401071754
2451;CLE;http://www.espn.com/nba/game?gameId=401071769
2452;CLE;http://www.espn.com/nba/game?gameId=401071781
2453;CLE;http://www.espn.com/nba/game?gameId=401071802
2454;CLE;http://www.espn.com/nba/game?gameId=401071809
2455;CLE;http://www.espn.com/nba/game?gameId=401071833
2456;CLE;http://www.espn.com/nba/game?gameId=401071851
2457;CLE;http://www.espn.com/nba/game?gameId=401071864
2458;CLE;http://www.espn.com/nba/game?gameId=401071869
2459;CLE;http://www.espn.com/nba/game?gameId=401071882
